;Number of cuts;Length of X;K subsets;Neighbors;Train error;Train var. error;Train bias error;Train list errors;Test error;Test var. error;Test bias error;Test list errors
0;3;480;1;1;0.0;0.0;0.0;[0.0];0.54347;0.0;0.7372041779588611;[0.54347]
1;3;480;1;3;0.201848;0.0;0.44927497148183093;[0.201848];0.618685;0.0;0.7865653183302707;[0.618685]
2;3;480;1;5;0.317378;0.0;0.5633631155835461;[0.317378];0.654359;0.0;0.8089245947552838;[0.654359]
3;3;480;1;20;0.54703;0.0;0.7396147645903237;[0.54703];0.704503;0.0;0.8393467698156704;[0.704503]
4;3;480;1;50;0.635988;0.0;0.7974885579116481;[0.635988];0.721592;0.0;0.8494657144346675;[0.721592]
5;3;480;1;100;0.691421;0.0;0.8315172878539567;[0.691421];0.739928;0.0;0.8601906765363131;[0.739928]
6;3;480;1;200;0.719314;0.0;0.8481238117161904;[0.719314];0.752276;0.0;0.8673384575815832;[0.752276]
7;3;480;2;1;0.0;0.0;0.0;[0.0, 0.0];0.5426610000000001;6.544810000000067e-07;0.7366548347217984;[0.54347, 0.541852]
8;3;480;2;3;0.1988125;9.214260249999978e-06;0.4458736208162017;[0.201848, 0.195777];0.6175525;1.282556250000082e-06;0.7858442704784135;[0.618685, 0.61642]
9;3;480;2;5;0.318038;4.3559999999999196e-07;0.56394819301067;[0.317378, 0.318698];0.651562;7.823208999999967e-06;0.8071890588895516;[0.654359, 0.648765]
10;3;480;2;20;0.5521335;2.604571224999983e-05;0.7430393356261498;[0.54703, 0.557237];0.7036095;7.983422499999849e-07;0.8388138659188641;[0.704503, 0.702716]
11;3;480;2;50;0.635636;1.2390400000001336e-07;0.7972677568395702;[0.635988, 0.635284];0.72166;4.6240000000017e-09;0.8495057359288399;[0.721592, 0.721728]
12;3;480;2;100;0.690233;1.4113439999999213e-06;0.8308017745864533;[0.691421, 0.689045];0.738174;3.076516000000117e-06;0.8591687398200659;[0.739928, 0.73642]
13;3;480;2;200;0.718478;6.988960000000057e-07;0.847630403598172;[0.719314, 0.717642];0.748175;1.681820099999972e-05;0.8649613759001035;[0.752276, 0.744074]
14;3;480;3;1;0.0;0.0;0.0;[0.0, 0.0, 0.0];0.5407963333333333;7.390284222222334e-06;0.7353835346600515;[0.54347, 0.541852, 0.537067]
15;3;480;3;3;0.19777133333333333;8.31089622222221e-06;0.4447055457683332;[0.201848, 0.195777, 0.195689];0.6143176666666667;2.1783330888888725e-05;0.7837703001108027;[0.618685, 0.61642, 0.607848]
16;3;480;3;5;0.316498;5.0336000000000216e-06;0.5625770759638186;[0.317378, 0.318698, 0.313418];0.6500706666666667;9.663622888888933e-06;0.8062636064239647;[0.654359, 0.648765, 0.647088]
17;3;480;3;20;0.5494646666666667;3.160915088888867e-05;0.74123751761212;[0.54703, 0.557237, 0.544127];0.7019053333333334;6.34059622222213e-06;0.8377941231216123;[0.704503, 0.702716, 0.698497]
18;3;480;3;50;0.637601;7.805052666666632e-06;0.7984943299406285;[0.635988, 0.635284, 0.641531];0.7196513333333333;8.072566222222307e-06;0.8483179007701718;[0.721592, 0.721728, 0.715634]
19;3;480;3;100;0.690365;9.757439999999587e-07;0.8308814742524953;[0.691421, 0.689045, 0.690629];0.7378629999999999;2.2444526666667287e-06;0.8589882161865395;[0.739928, 0.73642, 0.737241]
20;3;480;3;200;0.7170846666666666;4.348686222222258e-06;0.8468059506052401;[0.719314, 0.717642, 0.714298];0.749456;1.4494055999999789e-05;0.8657028970403183;[0.752276, 0.744074, 0.752018]
21;3;480;4;1;0.0;0.0;0.0;[0.0, 0.0, 0.0, 0.0];0.54031725;6.231275687500059e-06;0.7350585138098276;[0.54347, 0.541852, 0.537067, 0.53888]
22;3;480;4;3;0.19703075;7.878563187499982e-06;0.44387258468710644;[0.201848, 0.195777, 0.195689, 0.194809];0.6148055;1.705144224999983e-05;0.7840844651934828;[0.618685, 0.61642, 0.607848, 0.616269]
23;3;480;4;5;0.31728999999999996;5.656992000000043e-06;0.5632799863371678;[0.317378, 0.318698, 0.313418, 0.319666];0.65002675;7.253503187500034e-06;0.8062378659532262;[0.654359, 0.648765, 0.647088, 0.649895]
24;3;480;4;20;0.5494060000000001;2.3717188499999843e-05;0.7412032668651023;[0.54703, 0.557237, 0.544127, 0.54923];0.700987;7.2854554999999965e-06;0.8372453132412866;[0.704503, 0.702716, 0.698497, 0.698232]
25;3;480;4;50;0.6381654999999999;6.809770249999959e-06;0.79884835246106;[0.635988, 0.635284, 0.641531, 0.639859];0.72097225;1.128888718750003e-05;0.8490942003763849;[0.721592, 0.721728, 0.715634, 0.724935]
26;3;480;4;100;0.689771;1.790316000000009e-06;0.8305234552280869;[0.691421, 0.689045, 0.690629, 0.687989];0.7381852499999999;1.9948746875000573e-06;0.8591759162856651;[0.739928, 0.73642, 0.737241, 0.739152]
27;3;480;4;200;0.7166079999999999;3.943148000000041e-06;0.8465246935866667;[0.719314, 0.717642, 0.714298, 0.715178];0.74993975;1.1572584187499884e-05;0.8659839360033259;[0.752276, 0.744074, 0.752018, 0.751391]
28;3;480;5;1;0.0;0.0;0.0;[0.0, 0.0, 0.0, 0.0, 0.0];0.5421547999999999;1.8491380560000115e-05;0.7362990619438816;[0.54347, 0.541852, 0.537067, 0.53888, 0.549505]
29;3;480;5;3;0.1953368;1.7780716959999984e-05;0.44194911390683883;[0.201848, 0.195777, 0.195689, 0.194809, 0.188561];0.6152602;1.4468162159999895e-05;0.7843760143182861;[0.618685, 0.61642, 0.607848, 0.616269, 0.617079]
30;3;480;5;5;0.31589979999999995;1.2256217760000062e-05;0.5620387386846568;[0.317378, 0.318698, 0.313418, 0.319666, 0.310339];0.648957;1.0380262800000098e-05;0.8055722312351636;[0.654359, 0.648765, 0.647088, 0.649895, 0.644678]
31;3;480;5;20;0.5491244;1.929094503999988e-05;0.7410162677397575;[0.54703, 0.557237, 0.544127, 0.54923, 0.547998];0.70074;6.072400399999981e-06;0.8370985172604238;[0.704503, 0.702716, 0.698497, 0.698232, 0.699752]
32;3;480;5;50;0.6396658;1.4451416560000018e-05;0.7997820631793638;[0.635988, 0.635284, 0.641531, 0.639859, 0.645667];0.7218519999999999;1.2126949999999994e-05;0.8496116012920256;[0.721592, 0.721728, 0.715634, 0.724935, 0.725371]
33;3;480;5;100;0.6898722;1.4732185600000126e-06;0.8305845693133481;[0.691421, 0.689045, 0.690629, 0.687989, 0.690277];0.7388402;3.3117377600000383e-06;0.8595562158824982;[0.739928, 0.73642, 0.737241, 0.739152, 0.74146]
34;3;480;5;200;0.7165507999999999;3.16760576000003e-06;0.846491365811985;[0.719314, 0.717642, 0.714298, 0.715178, 0.716322];0.7508428;1.2520064559999903e-05;0.8665046335337394;[0.752276, 0.744074, 0.752018, 0.751391, 0.754455]
35;3;480;6;1;0.0;0.0;0.0;[0.0, 0.0, 0.0, 0.0, 0.0, 0.0];0.5431881666666666;2.0748717138889043e-05;0.7369989266949631;[0.54347, 0.541852, 0.537067, 0.53888, 0.549505, 0.548355]
36;3;480;6;3;0.19574733333333336;1.5659952222222205e-05;0.4424157246087792;[0.201848, 0.195777, 0.195689, 0.194809, 0.188561, 0.1978];0.617033;2.777090099999998e-05;0.7854968040030462;[0.618685, 0.61642, 0.607848, 0.616269, 0.617079, 0.625897]
37;3;480;6;5;0.31522233333333327;1.2508320222222289e-05;0.561435503876546;[0.317378, 0.318698, 0.313418, 0.319666, 0.310339, 0.311835];0.6501635;1.5928430250000074e-05;0.8063172896383595;[0.654359, 0.648765, 0.647088, 0.649895, 0.644678, 0.656196]
38;3;480;6;20;0.5477928333333334;2.494113647222205e-05;0.7401134319797615;[0.54703, 0.557237, 0.544127, 0.54923, 0.547998, 0.541135];0.7010453333333334;5.526475888888856e-06;0.837281199393277;[0.704503, 0.702716, 0.698497, 0.698232, 0.699752, 0.702572]
39;3;480;6;50;0.6389794999999999;1.4397885583333319e-05;0.79935292713195;[0.635988, 0.635284, 0.641531, 0.639859, 0.645667, 0.635548];0.7214213333333334;1.1033160555555539e-05;0.8493587582245666;[0.721592, 0.721728, 0.715634, 0.724935, 0.725371, 0.719268]
40;3;480;6;100;0.6885905;9.441456583333443e-06;0.8298078443491702;[0.691421, 0.689045, 0.690629, 0.687989, 0.690277, 0.682182];0.7384843333333332;3.3929868888888965e-06;0.8593491376305933;[0.739928, 0.73642, 0.737241, 0.739152, 0.74146, 0.736705]
41;3;480;6;200;0.7165566666666665;2.63984355555558e-06;0.8464951428231062;[0.719314, 0.717642, 0.714298, 0.715178, 0.716322, 0.716586];0.7518668333333333;1.5676608472222105e-05;0.8670935109461153;[0.752276, 0.744074, 0.752018, 0.751391, 0.754455, 0.756987]
42;4;240;1;1;0.0;0.0;0.0;[0.0];0.561681;0.0;0.7494538011111825;[0.561681]
43;4;240;1;3;0.211791;0.0;0.4602075618674687;[0.211791];0.638269;0.0;0.7989173924755926;[0.638269]
44;4;240;1;5;0.330488;0.0;0.5748808572217378;[0.330488];0.671822;0.0;0.8196474852032427;[0.671822]
45;4;240;1;20;0.565772;0.0;0.7521781703825232;[0.565772];0.719596;0.0;0.848290044737058;[0.719596]
46;4;240;1;50;0.64813;0.0;0.805065214749712;[0.64813];0.737932;0.0;0.8590296851680971;[0.737932]
47;4;240;1;100;0.706467;0.0;0.8405159129962977;[0.706467];0.748909;0.0;0.8653952854043059;[0.748909]
48;4;240;1;200;0.72952;0.0;0.8541194295881578;[0.72952];0.762255;0.0;0.8730721619660085;[0.762255]
49;4;240;2;1;0.0;0.0;0.0;[0.0, 0.0];0.561149;2.8302399999997544e-07;0.7490986029729331;[0.561681, 0.560617]
50;4;240;2;3;0.2063795;2.9284332249999997e-05;0.4542578735341304;[0.211791, 0.200968];0.6356775;6.7158722499998385e-06;0.7972896488276704;[0.638269, 0.633086]
51;4;240;2;5;0.330444;1.9359999999989875e-09;0.5748425854649253;[0.330488, 0.3304];0.6707875000000001;1.0701902499999872e-06;0.8190155247672355;[0.671822, 0.669753]
52;4;240;2;20;0.5686755;8.430312249999697e-06;0.754100172183875;[0.565772, 0.571579];0.715292;1.852441600000026e-05;0.8457384203073667;[0.719596, 0.710988]
53;4;240;2;50;0.649626;2.238015999999992e-06;0.8059924081429055;[0.64813, 0.651122];0.7345835000000001;1.1212452250000214e-05;0.8570719267061254;[0.737932, 0.731235]
54;4;240;2;100;0.7048835;2.507472249999873e-06;0.8395719102779404;[0.706467, 0.7033];0.7482815;3.937562500000038e-07;0.8650324307468189;[0.748909, 0.747654]
55;4;240;2;200;0.7286845;6.980602499999816e-07;0.8536297803730549;[0.72952, 0.727849];0.758041;1.7757795999999963e-05;0.8706453021776434;[0.762255, 0.753827]
56;4;240;3;1;0.0;0.0;0.0;[0.0, 0.0, 0.0];0.5596203333333333;4.862326222222163e-06;0.7480745089943321;[0.561681, 0.560617, 0.556563]
57;4;240;3;3;0.20571933333333334;2.0394528222222227e-05;0.45354044891840806;[0.211791, 0.200968, 0.204399];0.6356316666666667;4.481449555555448e-06;0.7972623064068131;[0.638269, 0.633086, 0.63554]
58;4;240;3;5;0.3304586666666667;1.7208888888879887e-09;0.574855342626106;[0.330488, 0.3304, 0.330488];0.6717043333333335;2.394626888888799e-06;0.8195742423395482;[0.671822, 0.669753, 0.673538]
59;4;240;3;20;0.5662413333333333;1.7470542888888653e-05;0.7524784799517156;[0.565772, 0.571579, 0.561373];0.714454;1.3754098666666794e-05;0.8452456719210891;[0.719596, 0.710988, 0.712778]
60;4;240;3;50;0.6519136666666667;1.195884822222224e-05;0.8074043025761285;[0.64813, 0.651122, 0.656489];0.7329856666666666;1.2581110888888926e-05;0.8561384733533343;[0.737932, 0.731235, 0.72979]
61;4;240;3;100;0.702713;1.1093788666666593e-05;0.8382731692063949;[0.706467, 0.7033, 0.698372];0.7473746666666666;1.9071975555555755e-06;0.8645072350588577;[0.748909, 0.747654, 0.745561]
62;4;240;3;200;0.7287873333333333;4.865228888888828e-07;0.8536901351254121;[0.72952, 0.727849, 0.728993];0.7585583333333332;1.2373798222222158e-05;0.8709454400449611;[0.762255, 0.753827, 0.759593]
63;4;240;4;1;0.0;0.0;0.0;[0.0, 0.0, 0.0, 0.0];0.55904025;4.656234687499953e-06;0.7476868286691377;[0.561681, 0.560617, 0.556563, 0.5573]
64;4;240;4;3;0.20538925;1.5622761187500008e-05;0.4531816713403274;[0.211791, 0.200968, 0.204399, 0.204399];0.63533425;3.6264571874999423e-06;0.7970762971904336;[0.638269, 0.633086, 0.63554, 0.634442]
65;4;240;4;5;0.331148;1.4268319999999999e-06;0.57545336315639;[0.330488, 0.3304, 0.330488, 0.333216];0.6705787500000001;5.5967836875000215e-06;0.8188853113936729;[0.671822, 0.669753, 0.673538, 0.667202]
66;4;240;4;20;0.56586;1.3539152499999828e-05;0.7522276655690749;[0.565772, 0.571579, 0.561373, 0.564716];0.7158380000000001;1.6061942000000143e-05;0.8460626088286848;[0.719596, 0.710988, 0.712778, 0.71999]
67;4;240;4;50;0.65149575;9.493099187500012e-06;0.8071469859330533;[0.64813, 0.651122, 0.656489, 0.650242];0.7331365000000001;9.504085250000035e-06;0.8562283550051061;[0.737932, 0.731235, 0.72979, 0.733589]
68;4;240;4;100;0.7017377499999999;1.1173679187499954e-05;0.8376912177651217;[0.706467, 0.7033, 0.698372, 0.698812];0.7474514999999999;1.4481082500000055e-06;0.8645519370701508;[0.748909, 0.747654, 0.745561, 0.747682]
69;4;240;4;200;0.72789275;2.765730187499968e-06;0.8531646876598986;[0.72952, 0.727849, 0.728993, 0.725209];0.7593317499999999;1.1074868687499945e-05;0.8713900820707753;[0.762255, 0.753827, 0.759593, 0.761652]
70;4;240;5;1;0.0;0.0;0.0;[0.0, 0.0, 0.0, 0.0, 0.0];0.5604747999999999;1.1956722559999848e-05;0.7486406636547602;[0.561681, 0.560617, 0.556563, 0.5573, 0.566213]
71;4;240;5;3;0.2038538;2.1928635760000015e-05;0.45147743173301585;[0.211791, 0.200968, 0.204399, 0.204399, 0.197712];0.6348268;3.931187759999902e-06;0.7967577227816748;[0.638269, 0.633086, 0.63554, 0.634442, 0.632797]
72;4;240;5;5;0.3308576;1.4787942400000104e-06;0.5752009398512489;[0.330488, 0.3304, 0.330488, 0.333216, 0.329696];0.6681710000000001;2.766646719999997e-05;0.8174003508274266;[0.671822, 0.669753, 0.673538, 0.667202, 0.65854]
73;4;240;5;20;0.5657368;1.0892034959999868e-05;0.7521475307179039;[0.565772, 0.571579, 0.561373, 0.564716, 0.565244];0.7148486000000001;1.6765203040000038e-05;0.8454772822477019;[0.719596, 0.710988, 0.712778, 0.71999, 0.710891]
74;4;240;5;50;0.6518258;8.03021136000002e-06;0.807352320730324;[0.64813, 0.651122, 0.656489, 0.650242, 0.653146];0.7331924000000001;7.6157674400000225e-06;0.8562621001962892;[0.737932, 0.731235, 0.72979, 0.733589, 0.733416]
75;4;240;5;100;0.700871;1.194396559999992e-05;0.8371732532961144;[0.706467, 0.7033, 0.698372, 0.698812, 0.697404];0.7490504;1.138441143999983e-05;0.8654704013359209;[0.748909, 0.747654, 0.745561, 0.747682, 0.755446]
76;4;240;5;200;0.727972;2.237706399999973e-06;0.8532114405548018;[0.72952, 0.727849, 0.728993, 0.725209, 0.728289];0.7600643999999999;1.1006999039999932e-05;0.8718104111565541;[0.762255, 0.753827, 0.759593, 0.761652, 0.762995]
77;4;240;6;1;0.0;0.0;0.0;[0.0, 0.0, 0.0, 0.0, 0.0, 0.0];0.5612168333333333;1.271700280555537e-05;0.7491355794050418;[0.561681, 0.560617, 0.556563, 0.5573, 0.566213, 0.564927]
78;4;240;6;3;0.20376883333333332;1.830995980555557e-05;0.45138733187089747;[0.211791, 0.200968, 0.204399, 0.204399, 0.197712, 0.203344];0.6359355;9.422068249999953e-06;0.797449733796275;[0.638269, 0.633086, 0.63554, 0.634442, 0.632797, 0.641479]
79;4;240;6;5;0.33050283333333336;1.861625472222239e-06;0.5748921391947025;[0.330488, 0.3304, 0.330488, 0.333216, 0.329696, 0.328729];0.6688753333333334;2.5535816555555548e-05;0.817832377395746;[0.671822, 0.669753, 0.673538, 0.667202, 0.65854, 0.672397]
80;4;240;6;20;0.5645108333333333;1.6591667138888737e-05;0.7513283181580437;[0.565772, 0.571579, 0.561373, 0.564716, 0.565244, 0.558381];0.7151728333333334;1.4496638805555604e-05;0.8456703475317837;[0.719596, 0.710988, 0.712778, 0.71999, 0.710891, 0.716794]
81;4;240;6;50;0.6516351666666668;6.873548138888909e-06;0.8072349677253382;[0.64813, 0.651122, 0.656489, 0.650242, 0.653146, 0.650682];0.7333656666666668;6.496579555555569e-06;0.856363923858958;[0.737932, 0.731235, 0.72979, 0.733589, 0.733416, 0.734232]
82;4;240;6;100;0.7003811666666667;1.1152988138888824e-05;0.8368811227877755;[0.706467, 0.7033, 0.698372, 0.698812, 0.697404, 0.697932];0.7496518333333334;1.1295619805555378e-05;0.8658178432635399;[0.748909, 0.747654, 0.745561, 0.747682, 0.755446, 0.752659]
83;4;240;6;200;0.7273648333333332;3.70801213888884e-06;0.8528546917976089;[0.72952, 0.727849, 0.728993, 0.725209, 0.728289, 0.724329];0.7601079999999999;9.18200399999994e-06;0.8718364628736286;[0.762255, 0.753827, 0.759593, 0.761652, 0.762995, 0.760326]
84;5;120;1;1;0.0;0.0;0.0;[0.0];0.578396;0.0;0.7605235039103;[0.578396]
85;5;120;1;3;0.21531;0.0;0.46401508596165275;[0.21531];0.650867;0.0;0.8067632862246521;[0.650867]
86;5;120;1;5;0.337527;0.0;0.5809707393664504;[0.337527];0.684171;0.0;0.8271462990305887;[0.684171]
87;5;120;1;20;0.574747;0.0;0.7581207027907891;[0.574747];0.725583;0.0;0.8518115988879231;[0.725583]
88;5;120;1;50;0.664232;0.0;0.8150042944672132;[0.664232];0.745042;0.0;0.8631581546854551;[0.745042]
89;5;120;1;100;0.708931;0.0;0.8419804035724346;[0.708931];0.757266;0.0;0.8702103194056021;[0.757266]
90;5;120;1;200;0.73744;0.0;0.8587432678047613;[0.73744];0.768866;0.0;0.8768500441922781;[0.768866]
91;5;120;2;1;0.0;0.0;0.0;[0.0, 0.0];0.57784;3.0913600000000103e-07;0.7601576750017065;[0.578396, 0.577284]
92;5;120;2;3;0.2109545;1.8970380249999985e-05;0.45927718168852016;[0.21531, 0.206599];0.6483345;6.413556249999965e-06;0.8051882304428885;[0.650867, 0.645802]
93;5;120;2;5;0.338583;1.1151360000000028e-06;0.581877895149833;[0.337527, 0.339639];0.6821470000000001;4.09657599999988e-06;0.8259194291357965;[0.684171, 0.680123]
94;5;120;2;20;0.581214;4.1822089000000004e-05;0.7623464946538417;[0.574747, 0.587681];0.724952;3.981609999999907e-07;0.8514408974432695;[0.725583, 0.724321]
95;5;120;2;50;0.6617245;6.287556249999979e-06;0.8134606397630743;[0.664232, 0.659217];0.746595;2.4118090000000826e-06;0.864055894135906;[0.745042, 0.748148]
96;5;120;2;100;0.708931;0.0;0.8419804035724346;[0.708931, 0.708931];0.7598674999999999;6.76780224999989e-06;0.8716999094859136;[0.757266, 0.762469]
97;5;120;2;200;0.7390235;2.507472250000049e-06;0.8596633018384291;[0.73744, 0.740607];0.76789;9.525760000000633e-07;0.8762927863585321;[0.768866, 0.766914]
98;5;120;3;1;0.0;0.0;0.0;[0.0, 0.0, 0.0];0.5753006666666667;1.3102518222222268e-05;0.7584771348883528;[0.578396, 0.577284, 0.570222]
99;5;120;3;3;0.21152633333333334;1.3300906888888875e-05;0.45990546031379587;[0.21531, 0.206599, 0.21267];0.6476706666666666;5.157053555555513e-06;0.8047766830699751;[0.650867, 0.645802, 0.646343]
100;5;120;3;5;0.33981500000000003;3.779071999999964e-06;0.582933290289721;[0.337527, 0.339639, 0.342279];0.6789876666666667;2.2693824888888984e-05;0.8239933087360466;[0.684171, 0.680123, 0.672669]
101;5;120;3;20;0.5808473333333334;2.8150281555555556e-05;0.7621149408401451;[0.574747, 0.587681, 0.580114];0.7249089999999999;2.6913866666665995e-07;0.8514157215258203;[0.725583, 0.724321, 0.724823]
102;5;120;3;50;0.6631176666666667;8.07353088888888e-06;0.8143154137898765;[0.664232, 0.659217, 0.665904];0.7444289999999999;1.0990984666666732e-05;0.8627966208877578;[0.745042, 0.748148, 0.740097]
103;5;120;3;100;0.7098696666666666;1.7621902222222732e-06;0.842536589399205;[0.708931, 0.708931, 0.711747];0.7590723333333332;5.776448222222133e-06;0.8712442578778417;[0.757266, 0.762469, 0.757482]
104;5;120;3;200;0.741311;1.2136960666666849e-05;0.8609871445261731;[0.73744, 0.740607, 0.745886];0.7666143333333334;3.889701555555545e-06;0.8755629295669032;[0.768866, 0.766914, 0.764063]
105;5;120;4;1;0.0;0.0;0.0;[0.0, 0.0, 0.0, 0.0];0.5747255;1.0819338750000089e-05;0.7580993870603313;[0.578396, 0.577284, 0.570222, 0.573]
106;5;120;4;3;0.2115265;9.975680249999991e-06;0.4599092566145522;[0.21531, 0.206599, 0.21267, 0.211527];0.6489685000000001;8.920904250000098e-06;0.8055802747682879;[0.650867, 0.645802, 0.646343, 0.652862]
107;5;120;4;5;0.34036500000000003;3.7418039999999716e-06;0.5834048835894331;[0.337527, 0.339639, 0.342279, 0.342015];0.68135725;3.3865144187500185e-05;0.8254231550276576;[0.684171, 0.680123, 0.672669, 0.688466]
108;5;120;4;20;0.582094;2.5775244499999914e-05;0.7629339583184773;[0.574747, 0.587681, 0.580114, 0.585834];0.7267079999999999;9.91105700000004e-06;0.8524658872605988;[0.725583, 0.724321, 0.724823, 0.732105]
109;5;120;4;50;0.6620325;9.587908250000162e-06;0.813647904250819;[0.664232, 0.659217, 0.665904, 0.658777];0.7438825;9.139225250000067e-06;0.8624809335717225;[0.745042, 0.748148, 0.740097, 0.742243]
110;5;120;4;100;0.7088869999999999;4.21854400000005e-06;0.8419517690794408;[0.708931, 0.708931, 0.711747, 0.705939];0.75971725;5.58008868749995e-06;0.8716144043734664;[0.757266, 0.762469, 0.757482, 0.761652]
111;5;120;4;200;0.73893525;2.6035284687500147e-05;0.8595982868266505;[0.73744, 0.740607, 0.745886, 0.731808];0.7678152500000001;7.24387868750003e-06;0.8762465441422936;[0.768866, 0.766914, 0.764063, 0.771418]
112;5;120;5;1;0.0;0.0;0.0;[0.0, 0.0, 0.0, 0.0, 0.0];0.5761418;1.6679093759999985e-05;0.7590290645991364;[0.578396, 0.577284, 0.570222, 0.573, 0.581807]
113;5;120;5;3;0.20996040000000002;1.7791221040000017e-05;0.4581949462608247;[0.21531, 0.206599, 0.21267, 0.211527, 0.203696];0.6492986000000001;7.572587440000049e-06;0.8057859687364629;[0.650867, 0.645802, 0.646343, 0.652862, 0.650619]
114;5;120;5;5;0.3393752;6.912259360000015e-06;0.5825532488456656;[0.337527, 0.339639, 0.342279, 0.342015, 0.335416];0.6797146;3.7885311440000234e-05;0.8244250813073071;[0.684171, 0.680123, 0.672669, 0.688466, 0.673144]
115;5;120;5;20;0.5811878;2.3904989359999864e-05;0.76234106213075;[0.574747, 0.587681, 0.580114, 0.585834, 0.577563];0.7254257999999999;1.4504992960000089e-05;0.8517108047964638;[0.725583, 0.724321, 0.724823, 0.732105, 0.720297]
116;5;120;5;50;0.6610646;1.1417648240000123e-05;0.8130517710156961;[0.664232, 0.659217, 0.665904, 0.658777, 0.657193];0.7430019999999999;1.0412501200000019e-05;0.8619695977810353;[0.745042, 0.748148, 0.740097, 0.742243, 0.73948]
117;5;120;5;100;0.708051;6.170419200000063e-06;0.8414539973051408;[0.708931, 0.708931, 0.711747, 0.705939, 0.704707];0.7592094;5.495717439999931e-06;0.871323076867909;[0.757266, 0.762469, 0.757482, 0.761652, 0.757178]
118;5;120;5;200;0.7384778000000001;2.1665269760000152e-05;0.8593347047165266;[0.73744, 0.740607, 0.745886, 0.731808, 0.736648];0.7686086000000001;8.312719839999942e-06;0.8766985156142105;[0.768866, 0.766914, 0.764063, 0.771418, 0.771782]
119;5;120;6;1;0.0;0.0;0.0;[0.0, 0.0, 0.0, 0.0, 0.0, 0.0];0.5767048333333333;1.5484277472222254e-05;0.7594006512084784;[0.578396, 0.577284, 0.570222, 0.573, 0.581807, 0.57952]
120;5;120;6;3;0.20923883333333335;1.7429309805555554e-05;0.4574072627577396;[0.21531, 0.206599, 0.21267, 0.211527, 0.203696, 0.205631];0.6503656666666667;1.2003645888888904e-05;0.806445077498014;[0.650867, 0.645802, 0.646343, 0.652862, 0.650619, 0.655701]
121;5;120;6;5;0.33940450000000005;5.764508583333343e-06;0.5825793812789951;[0.337527, 0.339639, 0.342279, 0.342015, 0.335416, 0.339551];0.6812156666666667;4.283709855555585e-05;0.8253319511373052;[0.684171, 0.680123, 0.672669, 0.688466, 0.673144, 0.688721]
122;5;120;6;20;0.5789851666666667;4.417879247222203e-05;0.7608817174004081;[0.574747, 0.587681, 0.580114, 0.585834, 0.577563, 0.567972];0.7265636666666667;1.856119688888907e-05;0.8523761525698486;[0.725583, 0.724321, 0.724823, 0.732105, 0.720297, 0.732253]
123;5;120;6;50;0.6607273333333333;1.0083450888889012e-05;0.8128451573838922;[0.664232, 0.659217, 0.665904, 0.658777, 0.657193, 0.659041];0.7439931666666667;1.3589141138888853e-05;0.8625425076629718;[0.745042, 0.748148, 0.740097, 0.742243, 0.73948, 0.748949]
124;5;120;6;100;0.7070098333333332;1.0562156138888944e-05;0.8408324869896466;[0.708931, 0.708931, 0.711747, 0.705939, 0.704707, 0.701804];0.7598285000000001;6.496188583333334e-06;0.8716776949144774;[0.757266, 0.762469, 0.757482, 0.761652, 0.757178, 0.762924]
125;5;120;6;200;0.736853;3.1254266666666914e-05;0.8583832161297967;[0.73744, 0.740607, 0.745886, 0.731808, 0.736648, 0.728729];0.768939;7.473087333333289e-06;0.8768874083442336;[0.768866, 0.766914, 0.764063, 0.771418, 0.771782, 0.770591]
126;6;60;1;1;0.0;0.0;0.0;[0.0];0.609455;0.0;0.7806759891273716;[0.609455]
127;6;60;1;3;0.225693;0.0;0.475071573554975;[0.225693];0.672321;0.0;0.8199518278533197;[0.672321]
128;6;60;1;5;0.351254;0.0;0.5926668541432024;[0.351254];0.70575;0.0;0.8400892809695883;[0.70575]
129;6;60;1;20;0.592433;0.0;0.7696966935098526;[0.592433];0.739429;0.0;0.8599005756481385;[0.739429]
130;6;60;1;50;0.66256;0.0;0.813977886677519;[0.66256];0.75053;0.0;0.8663313453869714;[0.75053]
131;6;60;1;100;0.710955;0.0;0.8431814751285751;[0.710955];0.761257;0.0;0.8725004297993211;[0.761257]
132;6;60;1;200;0.738935;0.0;0.8596132851462919;[0.738935];0.772982;0.0;0.8791939490237635;[0.772982]
133;6;60;2;1;0.0;0.0;0.0;[0.0, 0.0];0.607382;4.297328999999965e-06;0.7793444056840338;[0.609455, 0.605309]
134;6;60;2;3;0.22261350000000002;9.483320249999995e-06;0.47180930117977754;[0.225693, 0.219534];0.671469;7.259039999999385e-07;0.819431677503378;[0.672321, 0.670617]
135;6;60;2;5;0.3536735;5.853980249999957e-06;0.594699626719027;[0.351254, 0.356093];0.7014549999999999;1.8447024999999942e-05;0.8375180911329617;[0.70575, 0.69716]
136;6;60;2;20;0.591685;5.595039999999565e-07;0.7692102706646603;[0.592433, 0.590937];0.7351464999999999;1.8339806250000192e-05;0.8573961512590023;[0.739429, 0.730864]
137;6;60;2;50;0.665464;8.43321599999978e-06;0.815754599609466;[0.66256, 0.668368];0.7505120000000001;3.2400000000064806e-10;0.8663209565028426;[0.75053, 0.750494]
138;6;60;2;100;0.711483;2.7878399999997143e-07;0.8434943516206851;[0.710955, 0.712011];0.7613075;2.5502500000008958e-09;0.8725293676717993;[0.761257, 0.761358]
139;6;60;2;200;0.738715;4.839999999999911e-08;0.8594852829455546;[0.738935, 0.738495];0.76896;1.617648399999976e-05;0.8768944198225919;[0.772982, 0.764938]
140;6;60;3;1;0.0;0.0;0.0;[0.0, 0.0, 0.0];0.6047226666666666;1.700899355555528e-05;0.7776282258721781;[0.609455, 0.605309, 0.599404]
141;6;60;3;3;0.22255466666666668;6.329136222222219e-06;0.47175029150011605;[0.225693, 0.219534, 0.222437];0.671248;5.816179999999499e-07;0.8192969049020019;[0.672321, 0.670617, 0.670806]
142;6;60;3;5;0.3542159999999999;4.491265999999954e-06;0.5951567093917365;[0.351254, 0.356093, 0.355301];0.7000966666666666;1.5988155555555507e-05;0.8367082397772302;[0.70575, 0.69716, 0.69738]
143;6;60;3;20;0.592785;2.7930026666665937e-06;0.7699235072377861;[0.592433, 0.590937, 0.594985];0.735348;1.2307742000000146e-05;0.8575171673255294;[0.739429, 0.730864, 0.735751]
144;6;60;3;50;0.6671360000000001;1.1213311999999774e-05;0.8167770728221991;[0.66256, 0.668368, 0.67048];0.7486133333333335;7.210086222222169e-06;0.8652202744082638;[0.75053, 0.750494, 0.744816]
145;6;60;3;100;0.713184;5.972657999999911e-06;0.8444986840380511;[0.710955, 0.712011, 0.716586];0.7608186666666666;4.796162222222108e-07;0.8722489249351039;[0.761257, 0.761358, 0.759841]
146;6;60;3;200;0.7412519999999999;1.2905004666666783e-05;0.8609524348042308;[0.738935, 0.738495, 0.746326];0.768404;1.1402594666666507e-05;0.8765800576132983;[0.772982, 0.764938, 0.767292]
147;6;60;4;1;0.0;0.0;0.0;[0.0, 0.0, 0.0, 0.0];0.60461125;1.2793986187499803e-05;0.7775592942109384;[0.609455, 0.605309, 0.599404, 0.604277]
148;6;60;4;3;0.22208550000000002;5.4072042499999895e-06;0.47125374565699746;[0.225693, 0.219534, 0.222437, 0.220678];0.67150375;6.324376874999468e-07;0.8194529379789375;[0.672321, 0.670617, 0.670806, 0.672271]
149;6;60;4;5;0.35519124999999996;6.221787187500002e-06;0.5959740163906582;[0.351254, 0.356093, 0.355301, 0.358117];0.7016395;1.9132120749999988e-05;0.837627821815423;[0.70575, 0.69716, 0.69738, 0.706268]
150;6;60;4;20;0.591509;6.97927999999994e-06;0.7690916855096016;[0.592433, 0.590937, 0.594985, 0.587681];0.73719525;1.9467804187500048e-05;0.8585894142113636;[0.739429, 0.730864, 0.735751, 0.742737]
151;6;60;4;50;0.66773;9.468491999999838e-06;0.8171416838639429;[0.66256, 0.668368, 0.67048, 0.669512];0.7499257500000001;1.0574877187499823e-05;0.8659764287339539;[0.75053, 0.750494, 0.744816, 0.753863]
152;6;60;4;100;0.7119887500000001;8.765361187499863e-06;0.8437890640668511;[0.710955, 0.712011, 0.716586, 0.708403];0.76204675;4.884278187500128e-06;0.8729500934886327;[0.761257, 0.761358, 0.759841, 0.765731]
153;6;60;4;200;0.74069475;1.0610336187500117e-05;0.860630082941453;[0.738935, 0.738495, 0.746326, 0.739023];0.7688485;9.144686749999918e-06;0.8768348506493399;[0.772982, 0.764938, 0.767292, 0.770182]
154;6;60;5;1;0.0;0.0;0.0;[0.0, 0.0, 0.0, 0.0, 0.0];0.60609;1.898199519999992e-05;0.7785056313250406;[0.609455, 0.605309, 0.599404, 0.604277, 0.612005]
155;6;60;5;3;0.21965700000000005;2.791621240000005e-05;0.4686460111721853;[0.225693, 0.219534, 0.222437, 0.220678, 0.209943];0.6709158;1.8886909599998967e-06;0.8190933471278106;[0.672321, 0.670617, 0.670806, 0.672271, 0.668564]
156;6;60;5;5;0.352996;2.4253920000000027e-05;0.5941142533890261;[0.351254, 0.356093, 0.355301, 0.358117, 0.344215];0.700668;1.908094559999997e-05;0.8370477400091347;[0.70575, 0.69716, 0.69738, 0.706268, 0.696782]
157;6;60;5;20;0.5913242;5.720028159999946e-06;0.7689723531908282;[0.592433, 0.590937, 0.594985, 0.587681, 0.590585];0.7364146;1.8011901039999968e-05;0.8581355301460021;[0.739429, 0.730864, 0.735751, 0.742737, 0.733292]
158;6;60;5;50;0.6671888;8.746383359999907e-06;0.8168109044427847;[0.66256, 0.668368, 0.67048, 0.669512, 0.665024];0.7489752000000001;1.2074082959999901e-05;0.8654265572057748;[0.75053, 0.750494, 0.744816, 0.753863, 0.745173]
159;6;60;5;100;0.7112012;9.493228959999879e-06;0.8433218287054118;[0.710955, 0.712011, 0.716586, 0.708403, 0.708051];0.7623602;4.300426160000112e-06;0.873129944265938;[0.761257, 0.761358, 0.759841, 0.765731, 0.763614]
160;6;60;5;200;0.7387589999999999;2.3476781200000135e-05;0.8594972502683181;[0.738935, 0.738495, 0.746326, 0.739023, 0.731016];0.769064;7.501510399999938e-06;0.876958664071232;[0.772982, 0.764938, 0.767292, 0.770182, 0.769926]
161;6;60;6;1;0.0;0.0;0.0;[0.0, 0.0, 0.0, 0.0, 0.0, 0.0];0.6058665;1.6068090583333273e-05;0.7783639456638628;[0.609455, 0.605309, 0.599404, 0.604277, 0.612005, 0.604749]
162;6;60;6;3;0.21918183333333338;2.4392427138888932e-05;0.46814254336280364;[0.225693, 0.219534, 0.222437, 0.220678, 0.209943, 0.216806];0.6710801666666666;1.7089911388888036e-06;0.8191937851787742;[0.672321, 0.670617, 0.670806, 0.672271, 0.668564, 0.671902]
163;6;60;6;5;0.3540401666666666;2.5663020138888907e-05;0.5949911794695176;[0.351254, 0.356093, 0.355301, 0.358117, 0.344215, 0.359261];0.7009234999999999;1.6227189249999958e-05;0.837202050171134;[0.70575, 0.69716, 0.69738, 0.706268, 0.696782, 0.702201]
164;6;60;6;20;0.5895438333333333;2.061521747222224e-05;0.7678041534895869;[0.592433, 0.590937, 0.594985, 0.587681, 0.590585, 0.580642];0.7362363333333333;1.5168812555555524e-05;0.8580333120111233;[0.739429, 0.730864, 0.735751, 0.742737, 0.733292, 0.735345]
165;6;60;6;50;0.6671213333333333;7.311411555555471e-06;0.816770483013299;[0.66256, 0.668368, 0.67048, 0.669512, 0.665024, 0.666784];0.7501045;1.643832824999983e-05;0.8660762447219932;[0.75053, 0.750494, 0.744816, 0.753863, 0.745173, 0.755751]
166;6;60;6;100;0.7113948333333333;8.098493472222118e-06;0.843437451646452;[0.710955, 0.712011, 0.716586, 0.708403, 0.708051, 0.712363];0.7633403333333333;8.386995222222239e-06;0.8736887010475247;[0.761257, 0.761358, 0.759841, 0.765731, 0.763614, 0.768241]
167;6;60;6;200;0.7379818333333333;2.2583924472222387e-05;0.8590455455963095;[0.738935, 0.738495, 0.746326, 0.739023, 0.731016, 0.734096];0.7697101666666667;8.338915472222168e-06;0.8773265228814152;[0.772982, 0.764938, 0.767292, 0.770182, 0.769926, 0.772941]
168;7;60;1;1;0.0;0.0;0.0;[0.0];0.609455;0.0;0.7806759891273716;[0.609455]
169;7;60;1;3;0.225693;0.0;0.475071573554975;[0.225693];0.672321;0.0;0.8199518278533197;[0.672321]
170;7;60;1;5;0.351254;0.0;0.5926668541432024;[0.351254];0.70575;0.0;0.8400892809695883;[0.70575]
171;7;60;1;20;0.592433;0.0;0.7696966935098526;[0.592433];0.739429;0.0;0.8599005756481385;[0.739429]
172;7;60;1;50;0.66256;0.0;0.813977886677519;[0.66256];0.75053;0.0;0.8663313453869714;[0.75053]
173;7;60;1;100;0.710955;0.0;0.8431814751285751;[0.710955];0.761257;0.0;0.8725004297993211;[0.761257]
174;7;60;1;200;0.738935;0.0;0.8596132851462919;[0.738935];0.772982;0.0;0.8791939490237635;[0.772982]
175;7;60;2;1;0.0;0.0;0.0;[0.0, 0.0];0.607382;4.297328999999965e-06;0.7793444056840338;[0.609455, 0.605309]
176;7;60;2;3;0.22261350000000002;9.483320249999995e-06;0.47180930117977754;[0.225693, 0.219534];0.671469;7.259039999999385e-07;0.819431677503378;[0.672321, 0.670617]
177;7;60;2;5;0.3536735;5.853980249999957e-06;0.594699626719027;[0.351254, 0.356093];0.7014549999999999;1.8447024999999942e-05;0.8375180911329617;[0.70575, 0.69716]
178;7;60;2;20;0.591685;5.595039999999565e-07;0.7692102706646603;[0.592433, 0.590937];0.7351464999999999;1.8339806250000192e-05;0.8573961512590023;[0.739429, 0.730864]
179;7;60;2;50;0.665464;8.43321599999978e-06;0.815754599609466;[0.66256, 0.668368];0.7505120000000001;3.2400000000064806e-10;0.8663209565028426;[0.75053, 0.750494]
180;7;60;2;100;0.711483;2.7878399999997143e-07;0.8434943516206851;[0.710955, 0.712011];0.7613075;2.5502500000008958e-09;0.8725293676717993;[0.761257, 0.761358]
181;7;60;2;200;0.738715;4.839999999999911e-08;0.8594852829455546;[0.738935, 0.738495];0.76896;1.617648399999976e-05;0.8768944198225919;[0.772982, 0.764938]
182;7;60;3;1;0.0;0.0;0.0;[0.0, 0.0, 0.0];0.6047226666666666;1.700899355555528e-05;0.7776282258721781;[0.609455, 0.605309, 0.599404]
183;7;60;3;3;0.22255466666666668;6.329136222222219e-06;0.47175029150011605;[0.225693, 0.219534, 0.222437];0.671248;5.816179999999499e-07;0.8192969049020019;[0.672321, 0.670617, 0.670806]
184;7;60;3;5;0.3542159999999999;4.491265999999954e-06;0.5951567093917365;[0.351254, 0.356093, 0.355301];0.7000966666666666;1.5988155555555507e-05;0.8367082397772302;[0.70575, 0.69716, 0.69738]
185;7;60;3;20;0.592785;2.7930026666665937e-06;0.7699235072377861;[0.592433, 0.590937, 0.594985];0.735348;1.2307742000000146e-05;0.8575171673255294;[0.739429, 0.730864, 0.735751]
186;7;60;3;50;0.6671360000000001;1.1213311999999774e-05;0.8167770728221991;[0.66256, 0.668368, 0.67048];0.7486133333333335;7.210086222222169e-06;0.8652202744082638;[0.75053, 0.750494, 0.744816]
187;7;60;3;100;0.713184;5.972657999999911e-06;0.8444986840380511;[0.710955, 0.712011, 0.716586];0.7608186666666666;4.796162222222108e-07;0.8722489249351039;[0.761257, 0.761358, 0.759841]
188;7;60;3;200;0.7412519999999999;1.2905004666666783e-05;0.8609524348042308;[0.738935, 0.738495, 0.746326];0.768404;1.1402594666666507e-05;0.8765800576132983;[0.772982, 0.764938, 0.767292]
189;7;60;4;1;0.0;0.0;0.0;[0.0, 0.0, 0.0, 0.0];0.60461125;1.2793986187499803e-05;0.7775592942109384;[0.609455, 0.605309, 0.599404, 0.604277]
190;7;60;4;3;0.22208550000000002;5.4072042499999895e-06;0.47125374565699746;[0.225693, 0.219534, 0.222437, 0.220678];0.67150375;6.324376874999468e-07;0.8194529379789375;[0.672321, 0.670617, 0.670806, 0.672271]
191;7;60;4;5;0.35519124999999996;6.221787187500002e-06;0.5959740163906582;[0.351254, 0.356093, 0.355301, 0.358117];0.7016395;1.9132120749999988e-05;0.837627821815423;[0.70575, 0.69716, 0.69738, 0.706268]
192;7;60;4;20;0.591509;6.97927999999994e-06;0.7690916855096016;[0.592433, 0.590937, 0.594985, 0.587681];0.73719525;1.9467804187500048e-05;0.8585894142113636;[0.739429, 0.730864, 0.735751, 0.742737]
193;7;60;4;50;0.66773;9.468491999999838e-06;0.8171416838639429;[0.66256, 0.668368, 0.67048, 0.669512];0.7499257500000001;1.0574877187499823e-05;0.8659764287339539;[0.75053, 0.750494, 0.744816, 0.753863]
194;7;60;4;100;0.7119887500000001;8.765361187499863e-06;0.8437890640668511;[0.710955, 0.712011, 0.716586, 0.708403];0.76204675;4.884278187500128e-06;0.8729500934886327;[0.761257, 0.761358, 0.759841, 0.765731]
195;7;60;4;200;0.74069475;1.0610336187500117e-05;0.860630082941453;[0.738935, 0.738495, 0.746326, 0.739023];0.7688485;9.144686749999918e-06;0.8768348506493399;[0.772982, 0.764938, 0.767292, 0.770182]
196;7;60;5;1;0.0;0.0;0.0;[0.0, 0.0, 0.0, 0.0, 0.0];0.60609;1.898199519999992e-05;0.7785056313250406;[0.609455, 0.605309, 0.599404, 0.604277, 0.612005]
197;7;60;5;3;0.21965700000000005;2.791621240000005e-05;0.4686460111721853;[0.225693, 0.219534, 0.222437, 0.220678, 0.209943];0.6709158;1.8886909599998967e-06;0.8190933471278106;[0.672321, 0.670617, 0.670806, 0.672271, 0.668564]
198;7;60;5;5;0.352996;2.4253920000000027e-05;0.5941142533890261;[0.351254, 0.356093, 0.355301, 0.358117, 0.344215];0.700668;1.908094559999997e-05;0.8370477400091347;[0.70575, 0.69716, 0.69738, 0.706268, 0.696782]
199;7;60;5;20;0.5913242;5.720028159999946e-06;0.7689723531908282;[0.592433, 0.590937, 0.594985, 0.587681, 0.590585];0.7364146;1.8011901039999968e-05;0.8581355301460021;[0.739429, 0.730864, 0.735751, 0.742737, 0.733292]
200;7;60;5;50;0.6671888;8.746383359999907e-06;0.8168109044427847;[0.66256, 0.668368, 0.67048, 0.669512, 0.665024];0.7489752000000001;1.2074082959999901e-05;0.8654265572057748;[0.75053, 0.750494, 0.744816, 0.753863, 0.745173]
201;7;60;5;100;0.7112012;9.493228959999879e-06;0.8433218287054118;[0.710955, 0.712011, 0.716586, 0.708403, 0.708051];0.7623602;4.300426160000112e-06;0.873129944265938;[0.761257, 0.761358, 0.759841, 0.765731, 0.763614]
202;7;60;5;200;0.7387589999999999;2.3476781200000135e-05;0.8594972502683181;[0.738935, 0.738495, 0.746326, 0.739023, 0.731016];0.769064;7.501510399999938e-06;0.876958664071232;[0.772982, 0.764938, 0.767292, 0.770182, 0.769926]
203;7;60;6;1;0.0;0.0;0.0;[0.0, 0.0, 0.0, 0.0, 0.0, 0.0];0.6058665;1.6068090583333273e-05;0.7783639456638628;[0.609455, 0.605309, 0.599404, 0.604277, 0.612005, 0.604749]
204;7;60;6;3;0.21918183333333338;2.4392427138888932e-05;0.46814254336280364;[0.225693, 0.219534, 0.222437, 0.220678, 0.209943, 0.216806];0.6710801666666666;1.7089911388888036e-06;0.8191937851787742;[0.672321, 0.670617, 0.670806, 0.672271, 0.668564, 0.671902]
205;7;60;6;5;0.3540401666666666;2.5663020138888907e-05;0.5949911794695176;[0.351254, 0.356093, 0.355301, 0.358117, 0.344215, 0.359261];0.7009234999999999;1.6227189249999958e-05;0.837202050171134;[0.70575, 0.69716, 0.69738, 0.706268, 0.696782, 0.702201]
206;7;60;6;20;0.5895438333333333;2.061521747222224e-05;0.7678041534895869;[0.592433, 0.590937, 0.594985, 0.587681, 0.590585, 0.580642];0.7362363333333333;1.5168812555555524e-05;0.8580333120111233;[0.739429, 0.730864, 0.735751, 0.742737, 0.733292, 0.735345]
207;7;60;6;50;0.6671213333333333;7.311411555555471e-06;0.816770483013299;[0.66256, 0.668368, 0.67048, 0.669512, 0.665024, 0.666784];0.7501045;1.643832824999983e-05;0.8660762447219932;[0.75053, 0.750494, 0.744816, 0.753863, 0.745173, 0.755751]
208;7;60;6;100;0.7113948333333333;8.098493472222118e-06;0.843437451646452;[0.710955, 0.712011, 0.716586, 0.708403, 0.708051, 0.712363];0.7633403333333333;8.386995222222239e-06;0.8736887010475247;[0.761257, 0.761358, 0.759841, 0.765731, 0.763614, 0.768241]
209;7;60;6;200;0.7379818333333333;2.2583924472222387e-05;0.8590455455963095;[0.738935, 0.738495, 0.746326, 0.739023, 0.731016, 0.734096];0.7697101666666667;8.338915472222168e-06;0.8773265228814152;[0.772982, 0.764938, 0.767292, 0.770182, 0.769926, 0.772941]
210;8;60;1;1;0.0;0.0;0.0;[0.0];0.609455;0.0;0.7806759891273716;[0.609455]
211;8;60;1;3;0.225693;0.0;0.475071573554975;[0.225693];0.672321;0.0;0.8199518278533197;[0.672321]
212;8;60;1;5;0.351254;0.0;0.5926668541432024;[0.351254];0.70575;0.0;0.8400892809695883;[0.70575]
213;8;60;1;20;0.592433;0.0;0.7696966935098526;[0.592433];0.739429;0.0;0.8599005756481385;[0.739429]
214;8;60;1;50;0.66256;0.0;0.813977886677519;[0.66256];0.75053;0.0;0.8663313453869714;[0.75053]
215;8;60;1;100;0.710955;0.0;0.8431814751285751;[0.710955];0.761257;0.0;0.8725004297993211;[0.761257]
216;8;60;1;200;0.738935;0.0;0.8596132851462919;[0.738935];0.772982;0.0;0.8791939490237635;[0.772982]
217;8;60;2;1;0.0;0.0;0.0;[0.0, 0.0];0.607382;4.297328999999965e-06;0.7793444056840338;[0.609455, 0.605309]
218;8;60;2;3;0.22261350000000002;9.483320249999995e-06;0.47180930117977754;[0.225693, 0.219534];0.671469;7.259039999999385e-07;0.819431677503378;[0.672321, 0.670617]
219;8;60;2;5;0.3536735;5.853980249999957e-06;0.594699626719027;[0.351254, 0.356093];0.7014549999999999;1.8447024999999942e-05;0.8375180911329617;[0.70575, 0.69716]
220;8;60;2;20;0.591685;5.595039999999565e-07;0.7692102706646603;[0.592433, 0.590937];0.7351464999999999;1.8339806250000192e-05;0.8573961512590023;[0.739429, 0.730864]
221;8;60;2;50;0.665464;8.43321599999978e-06;0.815754599609466;[0.66256, 0.668368];0.7505120000000001;3.2400000000064806e-10;0.8663209565028426;[0.75053, 0.750494]
222;8;60;2;100;0.711483;2.7878399999997143e-07;0.8434943516206851;[0.710955, 0.712011];0.7613075;2.5502500000008958e-09;0.8725293676717993;[0.761257, 0.761358]
223;8;60;2;200;0.738715;4.839999999999911e-08;0.8594852829455546;[0.738935, 0.738495];0.76896;1.617648399999976e-05;0.8768944198225919;[0.772982, 0.764938]
224;8;60;3;1;0.0;0.0;0.0;[0.0, 0.0, 0.0];0.6047226666666666;1.700899355555528e-05;0.7776282258721781;[0.609455, 0.605309, 0.599404]
225;8;60;3;3;0.22255466666666668;6.329136222222219e-06;0.47175029150011605;[0.225693, 0.219534, 0.222437];0.671248;5.816179999999499e-07;0.8192969049020019;[0.672321, 0.670617, 0.670806]
226;8;60;3;5;0.3542159999999999;4.491265999999954e-06;0.5951567093917365;[0.351254, 0.356093, 0.355301];0.7000966666666666;1.5988155555555507e-05;0.8367082397772302;[0.70575, 0.69716, 0.69738]
227;8;60;3;20;0.592785;2.7930026666665937e-06;0.7699235072377861;[0.592433, 0.590937, 0.594985];0.735348;1.2307742000000146e-05;0.8575171673255294;[0.739429, 0.730864, 0.735751]
228;8;60;3;50;0.6671360000000001;1.1213311999999774e-05;0.8167770728221991;[0.66256, 0.668368, 0.67048];0.7486133333333335;7.210086222222169e-06;0.8652202744082638;[0.75053, 0.750494, 0.744816]
229;8;60;3;100;0.713184;5.972657999999911e-06;0.8444986840380511;[0.710955, 0.712011, 0.716586];0.7608186666666666;4.796162222222108e-07;0.8722489249351039;[0.761257, 0.761358, 0.759841]
230;8;60;3;200;0.7412519999999999;1.2905004666666783e-05;0.8609524348042308;[0.738935, 0.738495, 0.746326];0.768404;1.1402594666666507e-05;0.8765800576132983;[0.772982, 0.764938, 0.767292]
231;8;60;4;1;0.0;0.0;0.0;[0.0, 0.0, 0.0, 0.0];0.60461125;1.2793986187499803e-05;0.7775592942109384;[0.609455, 0.605309, 0.599404, 0.604277]
232;8;60;4;3;0.22208550000000002;5.4072042499999895e-06;0.47125374565699746;[0.225693, 0.219534, 0.222437, 0.220678];0.67150375;6.324376874999468e-07;0.8194529379789375;[0.672321, 0.670617, 0.670806, 0.672271]
233;8;60;4;5;0.35519124999999996;6.221787187500002e-06;0.5959740163906582;[0.351254, 0.356093, 0.355301, 0.358117];0.7016395;1.9132120749999988e-05;0.837627821815423;[0.70575, 0.69716, 0.69738, 0.706268]
234;8;60;4;20;0.591509;6.97927999999994e-06;0.7690916855096016;[0.592433, 0.590937, 0.594985, 0.587681];0.73719525;1.9467804187500048e-05;0.8585894142113636;[0.739429, 0.730864, 0.735751, 0.742737]
235;8;60;4;50;0.66773;9.468491999999838e-06;0.8171416838639429;[0.66256, 0.668368, 0.67048, 0.669512];0.7499257500000001;1.0574877187499823e-05;0.8659764287339539;[0.75053, 0.750494, 0.744816, 0.753863]
236;8;60;4;100;0.7119887500000001;8.765361187499863e-06;0.8437890640668511;[0.710955, 0.712011, 0.716586, 0.708403];0.76204675;4.884278187500128e-06;0.8729500934886327;[0.761257, 0.761358, 0.759841, 0.765731]
237;8;60;4;200;0.74069475;1.0610336187500117e-05;0.860630082941453;[0.738935, 0.738495, 0.746326, 0.739023];0.7688485;9.144686749999918e-06;0.8768348506493399;[0.772982, 0.764938, 0.767292, 0.770182]
238;8;60;5;1;0.0;0.0;0.0;[0.0, 0.0, 0.0, 0.0, 0.0];0.60609;1.898199519999992e-05;0.7785056313250406;[0.609455, 0.605309, 0.599404, 0.604277, 0.612005]
239;8;60;5;3;0.21965700000000005;2.791621240000005e-05;0.4686460111721853;[0.225693, 0.219534, 0.222437, 0.220678, 0.209943];0.6709158;1.8886909599998967e-06;0.8190933471278106;[0.672321, 0.670617, 0.670806, 0.672271, 0.668564]
240;8;60;5;5;0.352996;2.4253920000000027e-05;0.5941142533890261;[0.351254, 0.356093, 0.355301, 0.358117, 0.344215];0.700668;1.908094559999997e-05;0.8370477400091347;[0.70575, 0.69716, 0.69738, 0.706268, 0.696782]
241;8;60;5;20;0.5913242;5.720028159999946e-06;0.7689723531908282;[0.592433, 0.590937, 0.594985, 0.587681, 0.590585];0.7364146;1.8011901039999968e-05;0.8581355301460021;[0.739429, 0.730864, 0.735751, 0.742737, 0.733292]
242;8;60;5;50;0.6671888;8.746383359999907e-06;0.8168109044427847;[0.66256, 0.668368, 0.67048, 0.669512, 0.665024];0.7489752000000001;1.2074082959999901e-05;0.8654265572057748;[0.75053, 0.750494, 0.744816, 0.753863, 0.745173]
243;8;60;5;100;0.7112012;9.493228959999879e-06;0.8433218287054118;[0.710955, 0.712011, 0.716586, 0.708403, 0.708051];0.7623602;4.300426160000112e-06;0.873129944265938;[0.761257, 0.761358, 0.759841, 0.765731, 0.763614]
244;8;60;5;200;0.7387589999999999;2.3476781200000135e-05;0.8594972502683181;[0.738935, 0.738495, 0.746326, 0.739023, 0.731016];0.769064;7.501510399999938e-06;0.876958664071232;[0.772982, 0.764938, 0.767292, 0.770182, 0.769926]
245;8;60;6;1;0.0;0.0;0.0;[0.0, 0.0, 0.0, 0.0, 0.0, 0.0];0.6058665;1.6068090583333273e-05;0.7783639456638628;[0.609455, 0.605309, 0.599404, 0.604277, 0.612005, 0.604749]
246;8;60;6;3;0.21918183333333338;2.4392427138888932e-05;0.46814254336280364;[0.225693, 0.219534, 0.222437, 0.220678, 0.209943, 0.216806];0.6710801666666666;1.7089911388888036e-06;0.8191937851787742;[0.672321, 0.670617, 0.670806, 0.672271, 0.668564, 0.671902]
247;8;60;6;5;0.3540401666666666;2.5663020138888907e-05;0.5949911794695176;[0.351254, 0.356093, 0.355301, 0.358117, 0.344215, 0.359261];0.7009234999999999;1.6227189249999958e-05;0.837202050171134;[0.70575, 0.69716, 0.69738, 0.706268, 0.696782, 0.702201]
248;8;60;6;20;0.5895438333333333;2.061521747222224e-05;0.7678041534895869;[0.592433, 0.590937, 0.594985, 0.587681, 0.590585, 0.580642];0.7362363333333333;1.5168812555555524e-05;0.8580333120111233;[0.739429, 0.730864, 0.735751, 0.742737, 0.733292, 0.735345]
249;8;60;6;50;0.6671213333333333;7.311411555555471e-06;0.816770483013299;[0.66256, 0.668368, 0.67048, 0.669512, 0.665024, 0.666784];0.7501045;1.643832824999983e-05;0.8660762447219932;[0.75053, 0.750494, 0.744816, 0.753863, 0.745173, 0.755751]
250;8;60;6;100;0.7113948333333333;8.098493472222118e-06;0.843437451646452;[0.710955, 0.712011, 0.716586, 0.708403, 0.708051, 0.712363];0.7633403333333333;8.386995222222239e-06;0.8736887010475247;[0.761257, 0.761358, 0.759841, 0.765731, 0.763614, 0.768241]
251;8;60;6;200;0.7379818333333333;2.2583924472222387e-05;0.8590455455963095;[0.738935, 0.738495, 0.746326, 0.739023, 0.731016, 0.734096];0.7697101666666667;8.338915472222168e-06;0.8773265228814152;[0.772982, 0.764938, 0.767292, 0.770182, 0.769926, 0.772941]
