;Number of cuts;Length of X;K fold;Neighbors;Train error;Train var. error;Train bias error;Train list errors;Test error;Test var. error;Test bias error;Test list errors
0;3;480;2;1;0.0;0.0;0.0;[0.0, 0.0];0.5467755;1.1665640250000107e-05;0.7394348073763839;[0.550191, 0.54336]
1;3;480;2;3;0.32746200000000003;3.721040999999947e-06;0.5722397041092133;[0.329391, 0.325533];0.6347229999999999;3.0294016000000097e-05;0.7966760357786595;[0.640227, 0.629219]
2;3;480;2;5;0.413069;6.822759999999891e-07;0.6427039113962199;[0.413895, 0.412243];0.652337;5.870929000000042e-06;0.8076701858252537;[0.65476, 0.649914]
3;3;480;2;20;0.5906875;7.876562499999744e-07;0.768561456452085;[0.5898, 0.591575];0.700314;2.6956863999999733e-05;0.8368315500362065;[0.705506, 0.695122]
4;3;480;2;50;0.6696435000000001;7.910156250000288e-06;0.8183126479798232;[0.672456, 0.666831];0.725565;5.555448999999991e-06;0.8517977720979317;[0.727922, 0.723208]
5;3;480;2;100;0.7046250000000001;1.1024999999992907e-08;0.8394194356666994;[0.70473, 0.70452];0.7414545;4.988522249999997e-06;0.8610746259632496;[0.743688, 0.739221]
6;3;480;2;200;0.7272274999999999;2.4226922500000506e-06;0.8527749276964878;[0.725671, 0.728784];0.7513704999999999;1.614834224999984e-05;0.8668069863918667;[0.755389, 0.747352]
7;3;480;3;1;0.0;0.0;0.0;[0.0, 0.0, 0.0];0.5003386666666666;2.9819936222222408e-05;0.7073251350902529;[0.499538, 0.507391, 0.494087]
8;3;480;3;3;0.30070199999999997;1.1664080666666632e-05;0.5483523829795338;[0.300166, 0.305127, 0.296813];0.5969083333333334;6.967227222222247e-05;0.772553338651197;[0.59819, 0.60643, 0.586105]
9;3;480;3;5;0.3838453333333333;3.3330468888888966e-06;0.6195498368060833;[0.382391, 0.38642, 0.382725];0.623206;5.184858066666713e-05;0.789401134670665;[0.624977, 0.631005, 0.613636]
10;3;480;3;20;0.5749829999999999;5.508606666666209e-07;0.7582759716220298;[0.575942, 0.574134, 0.574873];0.6793743333333332;2.8162602222221403e-06;0.8242399632832121;[0.680769, 0.68034, 0.677014]
11;3;480;3;50;0.6507666666666667;4.248240888888971e-06;0.8066984680943542;[0.652254, 0.647852, 0.652194];0.7097986666666668;1.2861000222222271e-05;0.8424878667769907;[0.709034, 0.714523, 0.705839]
12;3;480;3;100;0.6948016666666667;3.1240822222224534e-07;0.8335474517137249;[0.694013, 0.69515, 0.695242];0.733202;9.587868666666659e-06;0.8562665543692182;[0.736191, 0.734479, 0.728936]
13;3;480;3;200;0.7185136666666666;5.221757555555525e-06;0.8476487744986783;[0.721545, 0.716028, 0.717968];0.7452113333333333;2.4369603555555835e-05;0.8632421234681367;[0.75097, 0.74575, 0.738914]
14;3;480;4;1;0.0;0.0;0.0;[0.0, 0.0, 0.0, 0.0];0.47964575;3.72900631875001e-05;0.6925376956793128;[0.472414, 0.489283, 0.479182, 0.477704]
15;3;480;4;3;0.28931850000000003;2.324515249999999e-06;0.5378811908635122;[0.289644, 0.289374, 0.291263, 0.286993];0.580095;2.3029016500000055e-05;0.7616245603862182;[0.576847, 0.588322, 0.576743, 0.578468]
16;3;480;4;5;0.37313975;3.5640561875000136e-06;0.6108487422789807;[0.372506, 0.37461, 0.37034, 0.375103];0.6036825;2.0253228749999893e-05;0.7769570430668932;[0.608128, 0.604582, 0.605814, 0.596206]
17;3;480;4;20;0.5660324999999999;3.815366250000012e-06;0.7523487785819486;[0.569024, 0.566513, 0.564461, 0.564132];0.6687195;3.4545116750000105e-05;0.8177315909779015;[0.670197, 0.673811, 0.658783, 0.672087]
18;3;480;4;50;0.64392025;1.4786801874999982e-06;0.8024454942984056;[0.645972, 0.643373, 0.642798, 0.643538];0.7030859999999999;2.5653802499999843e-05;0.8384869385968394;[0.695813, 0.704114, 0.70239, 0.710027]
19;3;480;4;100;0.69087075;1.6580731875000176e-06;0.8311853535324191;[0.692617, 0.689851, 0.68944, 0.691575];0.72648875;2.836223318750021e-05;0.8523264560993121;[0.727586, 0.724809, 0.719389, 0.734171]
20;3;480;4;200;0.71799;1.4566723999999984e-05;0.8473343102199982;[0.724152, 0.713828, 0.716292, 0.717688];0.7429942500000001;3.033245818749991e-05;0.8619535472064679;[0.74803, 0.74846, 0.735403, 0.740084]
21;3;480;5;1;0.0;0.0;0.0;[0.0, 0.0, 0.0, 0.0, 0.0];0.46806600000000004;6.907884800000015e-05;0.6841030047821747;[0.465209, 0.483067, 0.465045, 0.469048, 0.457961]
22;3;480;5;3;0.28185619999999995;9.555200559999993e-06;0.5308923099833336;[0.280776, 0.281392, 0.287221, 0.277675, 0.282217];0.5690696000000001;5.3028739040000016e-05;0.7543318707710552;[0.572044, 0.581589, 0.563289, 0.567293, 0.561133]
23;3;480;5;5;0.36618540000000005;1.2515879439999944e-05;0.6051222059390648;[0.367773, 0.366849, 0.367052, 0.35943, 0.369823];0.5961692;6.387325216000024e-05;0.7720785755011209;[0.599754, 0.594212, 0.605174, 0.599938, 0.581768]
24;3;480;5;20;0.56225;8.210965200000062e-06;0.7498278395970638;[0.565248, 0.557472, 0.565127, 0.561278, 0.562125];0.6661322000000001;4.82946001600002e-05;0.8161396359691399;[0.66718, 0.676108, 0.662458, 0.655374, 0.669541]
25;3;480;5;50;0.6417134000000001;7.616907440000137e-06;0.8010654050029623;[0.644699, 0.640234, 0.638106, 0.645189, 0.640339];0.6994514;6.909538503999978e-05;0.8362908014649928;[0.695813, 0.709975, 0.704342, 0.685556, 0.701571]
26;3;480;5;100;0.688597;1.1634470800000028e-05;0.8298104395156763;[0.693972, 0.683501, 0.688915, 0.68953, 0.687067];0.7230398;6.51139869600001e-05;0.8502791812181691;[0.71952, 0.730911, 0.726209, 0.708962, 0.729597]
27;3;480;5;200;0.7179743999999999;7.658515440000001e-06;0.8473291813011988;[0.720918, 0.712911, 0.717552, 0.719784, 0.718707];0.7406534;3.423766904000031e-05;0.8605923322520135;[0.742303, 0.747537, 0.744379, 0.73052, 0.738528]
28;3;480;6;1;0.0;0.0;0.0;[0.0, 0.0, 0.0, 0.0, 0.0, 0.0];0.4632018333333334;8.808026547222237e-05;0.6805246160631232;[0.453269, 0.471175, 0.479675, 0.461936, 0.454915, 0.458241]
29;3;480;6;3;0.2767753333333333;7.225821888888827e-06;0.5260875473829849;[0.277236, 0.277363, 0.276402, 0.27995, 0.271303, 0.278398];0.5634048333333332;7.685993413888898e-05;0.7505517792925378;[0.558182, 0.571693, 0.572801, 0.570953, 0.550259, 0.556541]
30;3;480;6;5;0.3599801666666667;6.51457513888893e-06;0.5999780430078486;[0.363341, 0.35984, 0.359323, 0.362057, 0.355184, 0.360136];0.5959848333333334;4.916329447222221e-05;0.7719686975770852;[0.591799, 0.603474, 0.604952, 0.597931, 0.593126, 0.584627]
31;3;480;6;20;0.5590685000000001;5.150787916666641e-06;0.747705389315928;[0.560458, 0.55613, 0.560047, 0.55613, 0.559308, 0.562338];0.6626228333333333;2.608322580555561e-05;0.8140004607538792;[0.659402, 0.664819, 0.666667, 0.665558, 0.652624, 0.666667]
32;3;480;6;50;0.6380488333333333;4.907660472222173e-06;0.7987765179778766;[0.637842, 0.636095, 0.641933, 0.634986, 0.639051, 0.638386];0.6964958333333334;9.539550180555574e-05;0.8345061041307774;[0.695235, 0.698078, 0.701774, 0.700296, 0.676275, 0.707317]
33;3;480;6;100;0.6877376666666666;8.48039788888895e-06;0.8292943905928567;[0.689135, 0.685906, 0.689823, 0.68295, 0.691893, 0.686719];0.722609;5.960468933333319e-05;0.8500290555684945;[0.719616, 0.730968, 0.720621, 0.727642, 0.708056, 0.728751]
34;3;480;6;200;0.7159573333333333;1.0551693222222125e-05;0.8461363847750025;[0.72099, 0.713029, 0.71436, 0.712142, 0.719459, 0.715764];0.7384981666666667;7.977444713888887e-05;0.8593127441272634;[0.745475, 0.750554, 0.739468, 0.738729, 0.722099, 0.734664]
35;3;480;7;1;0.0;0.0;0.0;[0.0, 0.0, 0.0, 0.0, 0.0, 0.0, 0.0];0.455317;0.00014625417657142866;0.6746634315148766;[0.444397, 0.474138, 0.469828, 0.451724, 0.455369, 0.437257, 0.454506]
36;3;480;7;3;0.2739318571428571;3.1193755510203983e-06;0.5233820189568095;[0.275131, 0.273191, 0.270604, 0.275993, 0.275255, 0.272525, 0.274824];0.5589087142857143;4.650217934693884e-05;0.7475708743031442;[0.551293, 0.55819, 0.569397, 0.555172, 0.567486, 0.550668, 0.560155]
37;3;480;7;5;0.3563361428571429;6.2081384081632464e-06;0.5969337774985888;[0.359991, 0.357189, 0.353596, 0.357189, 0.357235, 0.351918, 0.357235];0.5896402857142856;3.232461220408183e-05;0.7678593367942345;[0.594828, 0.590517, 0.583621, 0.599569, 0.582147, 0.589909, 0.586891]
38;3;480;7;20;0.558334;5.132776571428546e-06;0.7472140705470077;[0.559029, 0.555292, 0.555077, 0.559316, 0.561575, 0.560282, 0.557767];0.6596044285714286;6.524913481632641e-05;0.812120175489202;[0.653448, 0.661638, 0.673276, 0.652586, 0.655886, 0.651143, 0.669254]
39;3;480;7;50;0.6365708571428572;2.741098367347291e-07;0.7978537353632058;[0.637422, 0.6362, 0.636416, 0.636847, 0.635724, 0.637017, 0.63637];0.695079;0.00014220512057142812;0.8336286912525436;[0.688362, 0.682328, 0.712931, 0.7, 0.684347, 0.686503, 0.711082]
40;3;480;7;100;0.686313142857143;4.500930122449031e-06;0.8284374701370167;[0.685636, 0.687145, 0.684415, 0.686283, 0.685515, 0.690976, 0.684222];0.7212544285714285;3.662062053061218e-05;0.8492454344598491;[0.711207, 0.718966, 0.728879, 0.718103, 0.726175, 0.717551, 0.7279]
41;3;480;7;200;0.7137094285714286;7.071868816326566e-06;0.8448090652346317;[0.718905, 0.712869, 0.711288, 0.714019, 0.712818, 0.715692, 0.710375];0.7375738571428572;0.00011582219155102083;0.8587537685223315;[0.74569, 0.744828, 0.74181, 0.732328, 0.748167, 0.714532, 0.735662]
42;3;480;8;1;0.0;0.0;0.0;[0.0, 0.0, 0.0, 0.0, 0.0, 0.0, 0.0, 0.0];0.4526068749999999;0.00010299315185937479;0.6726840877024969;[0.439409, 0.466502, 0.468473, 0.458621, 0.452217, 0.443568, 0.44554, 0.446525]
43;3;480;8;3;0.27154025;2.810092687500028e-06;0.5210925444748874;[0.27226, 0.269304, 0.271204, 0.272612, 0.273246, 0.271115, 0.268792, 0.273789];0.5553978749999999;7.999200210937497e-05;0.745196539845624;[0.547783, 0.557143, 0.572414, 0.545813, 0.557635, 0.543125, 0.56136, 0.55791]
44;3;480;8;5;0.35424374999999997;4.360451437500001e-06;0.5951801320176627;[0.356866, 0.352573, 0.354825, 0.356303, 0.354684, 0.350788, 0.351914, 0.355997];0.585082625;8.402251698437487e-05;0.7648520134529395;[0.589163, 0.593596, 0.576355, 0.58867, 0.591626, 0.56481, 0.591424, 0.585017]
45;3;480;8;20;0.555609125;1.0044287109375033e-05;0.7453851894912392;[0.556697, 0.557472, 0.550292, 0.557049, 0.551207, 0.559544, 0.558488, 0.554124];0.6559090000000001;8.915398900000028e-05;0.809827046974229;[0.64335, 0.659606, 0.666502, 0.661084, 0.65468, 0.643174, 0.649088, 0.669788]
46;3;480;8;50;0.6346086249999999;1.8421172343750356e-06;0.7966221079550614;[0.63525, 0.636095, 0.634476, 0.636306, 0.631801, 0.634079, 0.633727, 0.635135];0.6916916249999999;0.00011915193598437454;0.8316083651960312;[0.679803, 0.684729, 0.705911, 0.692118, 0.69803, 0.672745, 0.696895, 0.703302]
47;3;480;8;100;0.683931625;4.77186548437502e-06;0.8269987020150126;[0.687196, 0.683184, 0.683114, 0.684662, 0.679806, 0.686092, 0.685107, 0.682292];0.7189755;0.00013025389300000021;0.8478474191191478;[0.700985, 0.716749, 0.735961, 0.70936, 0.729557, 0.707738, 0.726959, 0.724495]
48;3;480;8;200;0.7140657499999999;6.701168687499902e-06;0.8450201469972846;[0.717463, 0.715915, 0.711903, 0.714859, 0.710424, 0.717553, 0.712908, 0.711501];0.7372038750000001;4.724233035937505e-05;0.8585782624022348;[0.736946, 0.742857, 0.746305, 0.740394, 0.738916, 0.723016, 0.738788, 0.730409]
49;4;240;2;1;0.0;0.0;0.0;[0.0, 0.0];0.56402;1.624090000000027e-05;0.7510018369484858;[0.56805, 0.55999]
50;4;240;2;3;0.343352;5.289999999999983e-06;0.5859579421767402;[0.345652, 0.341052];0.6545545;6.806249999997585e-09;0.8090454209707574;[0.654637, 0.654472]
51;4;240;2;5;0.431545;2.2891689999999596e-06;0.6569191052412771;[0.430032, 0.433058];0.674632;5.86608400000017e-06;0.8213562770905206;[0.677054, 0.67221]
52;4;240;2;20;0.616185;4.6212803999999604e-05;0.784945085465219;[0.609387, 0.622983];0.715403;4.202499999999985e-06;0.8458125072969778;[0.717453, 0.713353]
53;4;240;2;50;0.6825155;1.3236502499999971e-06;0.8261441619655434;[0.683666, 0.681365];0.7375745;8.471010249999899e-06;0.8588166445695786;[0.740485, 0.734664]
54;4;240;2;100;0.716265;9.21122500000006e-06;0.8463189639698498;[0.71323, 0.7193];0.7532179999999999;6.162249999999688e-07;0.8678809732762898;[0.752433, 0.754003]
55;4;240;2;200;0.735973;2.819040999999953e-06;0.857887044405614;[0.734294, 0.737652];0.757467;2.565422499999986e-05;0.870311062652314;[0.762532, 0.752402]
56;4;240;3;1;0.0;0.0;0.0;[0.0, 0.0, 0.0];0.5161666666666667;1.0990602888888843e-05;0.718439751171786;[0.51949, 0.517369, 0.511641]
57;4;240;3;3;0.31286566666666665;1.5029402222221965e-06;0.559342617477378;[0.313747, 0.313718, 0.311132];0.617972;5.343030600000005e-05;0.7860779666763342;[0.610937, 0.628049, 0.61493]
58;4;240;3;5;0.40269166666666667;6.272107555555558e-06;0.6345749715826422;[0.406227, 0.401109, 0.400739];0.6462406666666667;4.1937110222222546e-05;0.8038648702091941;[0.638648, 0.654472, 0.645602]
59;4;240;3;20;0.597124;3.824521999999984e-06;0.7727355145701535;[0.59867, 0.594365, 0.598337];0.6943403333333333;1.2660811555555475e-05;0.8332632672341783;[0.690745, 0.699187, 0.693089]
60;4;240;3;50;0.6696433333333333;7.471034888889056e-06;0.8183128144532776;[0.665928, 0.670577, 0.672425];0.724333;6.746786000000073e-06;0.8510735886008918;[0.727323, 0.724686, 0.72099]
61;4;240;3;100;0.707304;6.2010806666667e-06;0.8410099874076011;[0.707409, 0.7103, 0.704203];0.7460116666666666;1.5046572222222158e-05;0.863710958651356;[0.75097, 0.745565, 0.7415]
62;4;240;3;200;0.7319393333333334;2.8709348888889846e-06;0.8555328529042263;[0.730506, 0.730993, 0.734319];0.7538336666666666;4.434701955555553e-05;0.8682104120817206;[0.759283, 0.757761, 0.744457]
63;4;240;4;1;0.0;0.0;0.0;[0.0, 0.0, 0.0, 0.0];0.49362575000000003;2.0716566187500065e-05;0.702570304975817;[0.488916, 0.500862, 0.490761, 0.493964]
64;4;240;4;3;0.30280625;4.827221687499961e-06;0.5502739524803191;[0.306397, 0.300624, 0.301527, 0.302677];0.60183625;6.691159268750049e-05;0.775737931525404;[0.588424, 0.609263, 0.607539, 0.602119]
65;4;240;4;5;0.39155425;1.97411118750005e-06;0.6257413809944269;[0.393693, 0.390294, 0.390294, 0.391936];0.62696325;1.3508718687500157e-05;0.7918015794890235;[0.622906, 0.623799, 0.631436, 0.629712]
66;4;240;4;20;0.590462;5.155781499999996e-06;0.7684118974993165;[0.590047, 0.588438, 0.594268, 0.589095];0.68695;1.8919143499999846e-05;0.8288130554331898;[0.680049, 0.689086, 0.686869, 0.691796]
67;4;240;4;50;0.6612677499999999;4.0118111874998785e-06;0.8131812455958465;[0.662561, 0.660782, 0.663492, 0.658236];0.71417125;3.42599821875e-05;0.8450662636845778;[0.712069, 0.713476, 0.707563, 0.723577]
68;4;240;4;100;0.7052415;2.1685552499999652e-06;0.8397852888951735;[0.705593, 0.702743, 0.706356, 0.706274];0.7402845000000001;1.462267624999981e-05;0.8603893754131033;[0.742611, 0.742794, 0.733678, 0.742055]
69;4;240;4;200;0.7311697500000001;8.51076718749994e-06;0.855079668354249;[0.735074, 0.726967, 0.732058, 0.73058];0.754942;2.925832499999972e-05;0.8688571468745596;[0.760837, 0.759547, 0.747967, 0.751417]
70;4;240;5;1;0.0;0.0;0.0;[0.0, 0.0, 0.0, 0.0, 0.0];0.47890560000000004;3.8887780240000086e-05;0.6920019596935836;[0.477217, 0.489532, 0.47644, 0.480751, 0.470588]
71;4;240;5;3;0.29645259999999996;7.064813439999953e-06;0.544468121368515;[0.295789, 0.295635, 0.299153, 0.292225, 0.299461];0.5929667999999999;0.00010852167496000005;0.7699729075266479;[0.580049, 0.604372, 0.588851, 0.606098, 0.585464]
72;4;240;5;5;0.384523;8.30352359999995e-06;0.6200924902596386;[0.38471, 0.383863, 0.386528, 0.379523, 0.387991];0.6203736;3.306600103999968e-05;0.7876169970226391;[0.616995, 0.615148, 0.626732, 0.627964, 0.615029]
73;4;240;5;20;0.5838977999999999;6.429409760000085e-06;0.7641278496365905;[0.585726, 0.57949, 0.583372, 0.586913, 0.583988];0.6839320000000001;4.509057479999996e-05;0.8269745518606967;[0.676416, 0.688732, 0.68494, 0.676317, 0.693255]
74;4;240;5;50;0.6591272;8.290079360000197e-06;0.8118613859031849;[0.663715, 0.654785, 0.65943, 0.658045, 0.659661];0.7144172;4.427540536000009e-05;0.8452058474683194;[0.715209, 0.71952, 0.709578, 0.70465, 0.723129]
75;4;240;5;100;0.7030394;6.20234023999994e-06;0.8384707494359955;[0.704673, 0.700285, 0.701309, 0.707082, 0.701848];0.737205;5.599216119999979e-05;0.8585738220088008;[0.735837, 0.738916, 0.747459, 0.724361, 0.739452]
76;4;240;5;200;0.7290446;8.257106640000096e-06;0.8538362506320284;[0.73262, 0.724074, 0.728945, 0.730947, 0.728637];0.7522931999999999;6.348805575999994e-05;0.8673117732074435;[0.758621, 0.759852, 0.757006, 0.739452, 0.746535]
77;4;240;6;1;0.0;0.0;0.0;[0.0, 0.0, 0.0, 0.0, 0.0, 0.0];0.4754578333333333;5.1738155805555515e-05;0.6894969870692168;[0.468415, 0.48374, 0.485588, 0.467849, 0.477088, 0.470067]
78;4;240;6;3;0.29018916666666666;3.382509805555539e-06;0.5386889493546912;[0.290392, 0.291553, 0.290149, 0.290296, 0.286453, 0.292292];0.5873631666666667;0.00010802847113888844;0.7663257389619168;[0.568895, 0.589431, 0.589431, 0.603104, 0.591648, 0.58167]
79;4;240;6;5;0.3793066666666667;3.714135888888867e-06;0.6158757606293479;[0.381449, 0.379647, 0.377356, 0.378686, 0.376764, 0.381938];0.618526;2.217401533333327e-05;0.7864501420844596;[0.611378, 0.620103, 0.625647, 0.622321, 0.616038, 0.615669]
80;4;240;6;20;0.5822998333333332;8.894493805555652e-06;0.7630799033125742;[0.583075, 0.579558, 0.581553, 0.57978, 0.588427, 0.581406];0.6810991666666667;3.550230247222212e-05;0.8252658143678281;[0.674178, 0.67997, 0.684405, 0.68884, 0.672949, 0.686253]
81;4;240;6;50;0.655429;7.297600999999907e-06;0.8095811895041781;[0.657354, 0.65095, 0.653019, 0.655975, 0.659079, 0.656197];0.7099833333333333;7.699468655555587e-05;0.8425593976965527;[0.712597, 0.712491, 0.709904, 0.711382, 0.692166, 0.72136]
82;4;240;6;100;0.7019768333333335;2.3152538055555237e-06;0.8378391958362463;[0.703695, 0.702165, 0.6998, 0.701796, 0.703939, 0.700466];0.734557;0.00010677574833333339;0.8570007142655522;[0.730329, 0.740576, 0.736881, 0.742794, 0.713599, 0.743163]
83;4;240;6;200;0.7276220000000001;6.973147333333337e-06;0.8530035327316451;[0.730155, 0.724263, 0.731653, 0.727145, 0.727662, 0.724854];0.7516163333333333;0.00010688022088888918;0.8668964488982779;[0.758404, 0.760163, 0.754989, 0.756098, 0.72949, 0.750554]
84;4;240;7;1;0.0;0.0;0.0;[0.0, 0.0, 0.0, 0.0, 0.0, 0.0, 0.0];0.4676348571428572;5.943435212244905e-05;0.6837948689415084;[0.461207, 0.481897, 0.477155, 0.465086, 0.461837, 0.463131, 0.463131]
85;4;240;7;3;0.2873787142857143;2.9057416326530715e-06;0.5360744430991666;[0.288065, 0.288712, 0.28476, 0.289502, 0.286823, 0.28517, 0.288619];0.5804042857142857;0.00011498575391836734;0.7617672216368773;[0.559052, 0.582759, 0.581466, 0.577586, 0.596378, 0.588616, 0.576973]
86;4;240;7;5;0.37680400000000003;3.953584000000037e-06;0.6138404079367862;[0.379823, 0.376159, 0.374434, 0.378745, 0.376563, 0.374048, 0.377856];0.6117515714285714;2.703193795918367e-05;0.7821282116703195;[0.606034, 0.60431, 0.60819, 0.615517, 0.613195, 0.619232, 0.615783]
87;4;240;7;20;0.579438;6.730885142857216e-06;0.7612038288887263;[0.580872, 0.577639, 0.57613, 0.578645, 0.582268, 0.583489, 0.577023];0.6802985714285714;7.371625253061226e-05;0.8247574523313147;[0.671983, 0.675862, 0.689224, 0.675, 0.683053, 0.67141, 0.695558]
88;4;240;7;50;0.6538152857142857;3.997184489795857e-06;0.8085859809134683;[0.656751, 0.652727, 0.650499, 0.654811, 0.655123, 0.651961, 0.654835];0.7090595714285713;3.347892424489784e-05;0.8420368712261516;[0.707328, 0.709052, 0.719397, 0.706466, 0.703752, 0.702027, 0.715395]
89;4;240;7;100;0.7004575714285713;1.3152476734694445e-06;0.8369326473384211;[0.699217, 0.70051, 0.698498, 0.700869, 0.70125, 0.700675, 0.702184];0.7379439999999999;4.599408771428585e-05;0.8590098986113522;[0.731034, 0.734483, 0.749138, 0.738362, 0.739974, 0.728331, 0.744286]
90;4;240;7;200;0.7278232857142857;2.5272062040816334e-06;0.8531241167075759;[0.729252, 0.727168, 0.726881, 0.73033, 0.728984, 0.726613, 0.725535];0.7492134285714285;6.948858795918378e-05;0.8655310161880216;[0.761207, 0.744828, 0.755603, 0.757328, 0.746874, 0.736524, 0.74213]
91;4;240;8;1;0.0;0.0;0.0;[0.0, 0.0, 0.0, 0.0, 0.0, 0.0, 0.0, 0.0];0.46363150000000003;6.261516325e-05;0.680858931671422;[0.459606, 0.472906, 0.476847, 0.464532, 0.458128, 0.453425, 0.468211, 0.455397]
92;4;240;8;3;0.2852305;2.2455067500000128e-06;0.5340676497347971;[0.286197, 0.286127, 0.283452, 0.286478, 0.285704, 0.283221, 0.283432, 0.287233];0.577323875;0.00012270847210937453;0.7597375642469515;[0.557143, 0.577833, 0.592611, 0.565517, 0.5867, 0.58206, 0.585017, 0.57171]
93;4;240;8;5;0.3743215;3.9324642500000014e-06;0.6118149781884634;[0.377701, 0.374182, 0.374534, 0.373971, 0.374182, 0.371551, 0.371762, 0.376689];0.6079327499999999;4.016024643750013e-05;0.7796746691752673;[0.6, 0.600985, 0.602463, 0.615271, 0.616256, 0.603746, 0.612617, 0.612124]
94;4;240;8;20;0.5789862499999999;6.051738937499906e-06;0.7609074833782766;[0.579714, 0.576195, 0.577673, 0.57901, 0.57535, 0.583193, 0.581715, 0.57904];0.6751248749999998;6.7900146609375e-05;0.8216185093176701;[0.66601, 0.673399, 0.675369, 0.676355, 0.680788, 0.666338, 0.669788, 0.692952]
95;4;240;8;50;0.6532346250000001;3.7933712343750264e-06;0.808226967892538;[0.657282, 0.652425, 0.651721, 0.651791, 0.65341, 0.653927, 0.65069, 0.654631];0.707458;0.00014279224824999983;0.841020337299729;[0.705419, 0.7, 0.734483, 0.693103, 0.708867, 0.696895, 0.713159, 0.707738]
96;4;240;8;100;0.699601375;1.6563327343750404e-06;0.8364207784765187;[0.699655, 0.699655, 0.700711, 0.697332, 0.698318, 0.701647, 0.699043, 0.70045];0.7356645;0.00010650110600000007;0.8576467797957386;[0.729557, 0.738424, 0.747291, 0.733005, 0.747783, 0.713159, 0.738295, 0.737802]
97;4;240;8;200;0.7272541250000001;5.928064109374862e-06;0.8527884831163532;[0.728725, 0.726543, 0.725276, 0.729922, 0.725417, 0.731489, 0.726914, 0.723747];0.749705875;7.874380460937488e-05;0.8658101011165154;[0.757143, 0.747783, 0.761084, 0.748276, 0.760591, 0.733859, 0.747166, 0.741745]
98;5;120;2;1;0.0;0.0;0.0;[0.0, 0.0];0.581634;1.08241000000001e-05;0.762642233226039;[0.584924, 0.578344]
99;5;120;2;3;0.35443749999999996;8.939702500000298e-07;0.595345786942135;[0.355383, 0.353492];0.668104;2.064969000000062e-06;0.8173750271637861;[0.669541, 0.666667]
100;5;120;2;5;0.4458335;2.1022225000000052e-07;0.6677074881845717;[0.446292, 0.445375];0.687319;1.6230759999999932e-06;0.829046064416206;[0.686045, 0.688593]
101;5;120;2;20;0.6238835;1.248562225000016e-05;0.7898550590948633;[0.62035, 0.627417];0.729876;1.0361961000000176e-05;0.8543217415230634;[0.733095, 0.726657]
102;5;120;2;50;0.6889815;1.983366224999999e-05;0.8300371475649448;[0.684528, 0.693435];0.7483525;8.11395225000018e-06;0.8650690065236125;[0.751201, 0.745504]
103;5;120;2;100;0.727351;2.82240000000005e-06;0.852847100950692;[0.725671, 0.729031];0.7643035;3.699852250000086e-06;0.8742424149786774;[0.766227, 0.76238]
104;5;120;2;200;0.744041;2.3232399999999913e-05;0.8625646454614285;[0.739221, 0.748861];0.762394;1.979360100000032e-05;0.8731404276512456;[0.766843, 0.757945]
105;5;120;3;1;0.0;0.0;0.0;[0.0, 0.0, 0.0];0.5338419999999999;1.8216972666666645e-05;0.7306324541295255;[0.539257, 0.533444, 0.528825]
106;5;120;3;3;0.325645;3.5302746666666286e-06;0.5706500413785435;[0.326127, 0.327667, 0.323141];0.636078;2.2867367999999895e-05;0.7975306468293241;[0.635322, 0.642276, 0.630636]
107;5;120;3;5;0.41426999999999997;2.5043526666666392e-06;0.6436361516006798;[0.415835, 0.412102, 0.414873];0.658496;7.88988866666676e-06;0.8114728030632532;[0.655459, 0.662232, 0.657797]
108;5;120;3;20;0.6105806666666668;6.008750222222305e-06;0.7813927680215914;[0.614006, 0.608406, 0.60933];0.7099213333333334;3.621347088888913e-05;0.8425468057398618;[0.717717, 0.70898, 0.703067]
109;5;120;3;50;0.6781113333333334;2.1132062222222274e-06;0.8234738733725018;[0.676644, 0.677598, 0.680092];0.737143;1.5049878000000027e-05;0.858561558725989;[0.742102, 0.736696, 0.732631]
110;5;120;3;100;0.7183286666666667;5.296920222222176e-06;0.847539597745406;[0.718404, 0.721109, 0.715473];0.755311;6.043484866666627e-05;0.8690515319308363;[0.766303, 0.75, 0.74963]
111;5;120;3;200;0.743118;2.8449206666665377e-06;0.8620412722598224;[0.741778, 0.742079, 0.745497];0.762579;1.7753701999999866e-05;0.8732475286526725;[0.76501, 0.766075, 0.756652]
112;5;120;4;1;0.0;0.0;0.0;[0.0, 0.0, 0.0, 0.0];0.51087025;3.160908918750004e-05;0.7147297677519893;[0.508374, 0.520572, 0.507021, 0.507514]
113;5;120;4;3;0.31381025;8.193233687499996e-06;0.5601803787766156;[0.318141, 0.310396, 0.314337, 0.312367];0.62154425;4.657375018749966e-05;0.7883512391376147;[0.610345, 0.628234, 0.625524, 0.622074]
114;5;120;4;5;0.40411825;6.256187687499986e-06;0.6356980366591614;[0.408393, 0.402119, 0.402693, 0.403268];0.6460554999999999;1.4249130250000024e-05;0.8037669132713475;[0.644828, 0.645479, 0.641784, 0.652131]
115;5;120;4;20;0.6033955;7.198001249999933e-06;0.7767807296777836;[0.605157, 0.600016, 0.60675, 0.601659];0.70493325;4.2152395687500064e-05;0.8395779282498513;[0.699754, 0.712983, 0.697462, 0.709534]
116;5;120;4;50;0.67270225;5.2995271874999225e-06;0.820181047374793;[0.67455, 0.669568, 0.675234, 0.671457];0.72679675;6.30334371875001e-05;0.8524867838053635;[0.726847, 0.73491, 0.713969, 0.731461]
117;5;120;4;100;0.7140685000000001;4.502672749999963e-06;0.8450230750265049;[0.717664, 0.712596, 0.712432, 0.713582];0.74718225;4.690083818749974e-05;0.864369914539957;[0.750246, 0.750678, 0.735403, 0.752402]
118;5;120;4;200;0.7396070000000001;7.570248499999996e-06;0.8599996684601107;[0.740166, 0.73526, 0.742897, 0.740105];0.7601155;7.758120275000011e-05;0.8718015363586199;[0.765517, 0.770633, 0.747475, 0.756837]
119;5;120;5;1;0.0;0.0;0.0;[0.0, 0.0, 0.0, 0.0, 0.0];0.4987366;4.2421950239999885e-05;0.7061828219730072;[0.50585, 0.504002, 0.49769, 0.498922, 0.487219]
120;5;120;5;3;0.30692240000000004;5.095889839999999e-06;0.554001176993479;[0.305104, 0.308723, 0.307467, 0.303618, 0.3097];0.6116894;1.717274184000014e-05;0.7820947687193414;[0.606835, 0.61484, 0.606406, 0.615029, 0.615337]
121;5;120;5;5;0.398103;2.44590600000002e-06;0.6309521012676002;[0.39749, 0.397259, 0.399461, 0.395997, 0.400308];0.6408822;1.3011453760000135e-05;0.8005430585210517;[0.633929, 0.642549, 0.643671, 0.643363, 0.640899]
122;5;120;5;20;0.5993873999999999;2.5849843839999798e-05;0.7741844419491778;[0.602202, 0.601586, 0.590839, 0.605466, 0.596844];0.6982818;9.041723936000031e-05;0.8355784719346472;[0.692734, 0.700739, 0.706498, 0.682784, 0.708654]
123;5;120;5;50;0.6684118;3.7784517600000778e-06;0.8175622432257008;[0.669413, 0.665948, 0.668668, 0.666667, 0.671363];0.7228548;3.601230136000006e-05;0.8501875014951937;[0.723214, 0.728448, 0.726825, 0.711426, 0.724361]
124;5;120;5;100;0.7132474;6.740172240000149e-06;0.8445357658665262;[0.716991, 0.711063, 0.712702, 0.715396, 0.710085];0.746012;3.7689658400000126e-05;0.8636980434976104;[0.748153, 0.747537, 0.753003, 0.734524, 0.746843]
125;5;120;5;200;0.7397302;7.05467896000017e-06;0.860071593136897;[0.738625, 0.737547, 0.740647, 0.744496, 0.737336];0.7596838;4.492079096000031e-05;0.871572647120732;[0.767857, 0.762623, 0.761934, 0.747767, 0.758238]
126;5;120;6;1;0.0;0.0;0.0;[0.0, 0.0, 0.0, 0.0, 0.0, 0.0];0.4929478333333334;3.57404951388889e-05;0.7020769849797062;[0.499446, 0.496674, 0.499261, 0.48374, 0.491131, 0.487435]
127;5;120;6;3;0.30254333333333333;5.575790222222231e-06;0.5500343239681603;[0.299852, 0.305742, 0.301456, 0.304264, 0.299608, 0.304338];0.6094726666666667;8.533825888888826e-06;0.7806818384212468;[0.60399, 0.612343, 0.611604, 0.609756, 0.607539, 0.611604]
128;5;120;6;5;0.39284349999999996;1.4464675833333177e-06;0.6267711332954132;[0.39357, 0.393245, 0.391693, 0.39258, 0.391176, 0.394797];0.637988;5.5024911666666896e-05;0.7987070646290374;[0.624307, 0.633407, 0.646711, 0.638211, 0.643755, 0.641537]
129;5;120;6;20;0.5976226666666667;3.5264232222222098e-06;0.7730583032627258;[0.598078, 0.599438, 0.595669, 0.598404, 0.599586, 0.594561];0.6960036666666666;0.00010702799622222216;0.8342041948290865;[0.687107, 0.700296, 0.700296, 0.7051, 0.677384, 0.705839]
130;5;120;6;50;0.6669458333333332;7.164573472222148e-06;0.8166631305255925;[0.66371, 0.664844, 0.666248, 0.672086, 0.666765, 0.668022];0.7205146666666667;3.1531704222221986e-05;0.8488127796884567;[0.721832, 0.72986, 0.722099, 0.715447, 0.712121, 0.721729]
131;5;120;6;100;0.7117325000000001;3.561444583333379e-06;0.8436402897890882;[0.714412, 0.708891, 0.713547, 0.711551, 0.711921, 0.710073];0.7460733333333334;6.936028055555577e-05;0.8637152152490877;[0.752494, 0.757206, 0.744272, 0.747967, 0.730599, 0.743902]
132;5;120;6;200;0.7375623333333334;5.177828555555642e-06;0.8588114784426079;[0.736216, 0.735792, 0.737122, 0.738526, 0.742148, 0.73557];0.7611621666666668;2.9024774138889113e-05;0.8724294480887999;[0.769117, 0.76201, 0.761271, 0.758315, 0.751663, 0.764597]
133;5;120;7;1;0.0;0.0;0.0;[0.0, 0.0, 0.0, 0.0, 0.0, 0.0, 0.0];0.4861102857142857;9.50272356326531e-05;0.6971479459043489;[0.493103, 0.491379, 0.496552, 0.488793, 0.470461, 0.471755, 0.490729]
134;5;120;7;3;0.29934714285714287;3.6948449795918596e-06;0.5471228820038175;[0.298053, 0.302651, 0.295969, 0.300424, 0.29954, 0.298822, 0.299971];0.6034987142857142;2.8477269632653053e-05;0.7768334680071924;[0.598707, 0.59569, 0.607328, 0.60431, 0.60414, 0.601121, 0.613195]
135;5;120;7;5;0.39019914285714286;2.179264693877548e-06;0.6246574770163638;[0.391751, 0.38823, 0.389092, 0.391823, 0.38928, 0.389208, 0.39201];0.6309668571428572;7.007368983673457e-05;0.794290112901464;[0.628017, 0.617672, 0.628879, 0.637069, 0.623113, 0.640793, 0.641225]
136;5;120;7;20;0.5956558571428572;1.8642949836734607e-05;0.7717753651115202;[0.596177, 0.597399, 0.594309, 0.588345, 0.601595, 0.600158, 0.591608];0.6955721428571428;4.555663840816301e-05;0.8339823656521369;[0.687931, 0.697414, 0.69569, 0.697414, 0.686934, 0.694696, 0.708926]
137;5;120;7;50;0.6651165714285714;4.006401959183731e-06;0.8155443366406343;[0.663864, 0.663002, 0.661924, 0.666307, 0.666619, 0.667625, 0.666475];0.7241474285714286;5.611212195918385e-05;0.850935553640503;[0.726293, 0.723707, 0.735345, 0.731897, 0.714532, 0.723588, 0.71367]
138;5;120;7;100;0.7106507142857142;3.866266204081574e-06;0.8429987236167741;[0.712079, 0.712869, 0.70863, 0.711648, 0.712171, 0.710016, 0.707142];0.7468117142857142;3.452884848979613e-05;0.8641627077334595;[0.750862, 0.751293, 0.755603, 0.74569, 0.745149, 0.736524, 0.742561]
139;5;120;7;200;0.7364967142857142;5.201483918367407e-06;0.858190837053039;[0.736437, 0.735791, 0.735431, 0.739024, 0.73739, 0.73933, 0.732074];0.758452;5.612761800000007e-05;0.8708592724326933;[0.768534, 0.75431, 0.762931, 0.760776, 0.746874, 0.750323, 0.765416]
140;5;120;8;1;0.0;0.0;0.0;[0.0, 0.0, 0.0, 0.0, 0.0, 0.0, 0.0, 0.0];0.48333962500000005;5.283490173437487e-05;0.6951883126881994;[0.490148, 0.480296, 0.499507, 0.481773, 0.480296, 0.475111, 0.479054, 0.480532]
141;5;120;8;3;0.29708150000000005;3.831933249999994e-06;0.5450483171855043;[0.296966, 0.299641, 0.295277, 0.298233, 0.296966, 0.297649, 0.293074, 0.298846];0.598817625;0.00010631128848437501;0.7737643786783647;[0.597044, 0.586207, 0.620197, 0.595567, 0.595567, 0.586989, 0.60276, 0.60621]
142;5;120;8;5;0.38849524999999996;1.5619196875000018e-06;0.6232926183425507;[0.389315, 0.389667, 0.386288, 0.388752, 0.38847, 0.386754, 0.388654, 0.390062];0.629735125;5.55566333593753e-05;0.7935235146904221;[0.623645, 0.619212, 0.628571, 0.639901, 0.626108, 0.623953, 0.638738, 0.637753]
143;5;120;8;20;0.5951751249999999;8.860813359374989e-06;0.7714701965640932;[0.595481, 0.595481, 0.594848, 0.593581, 0.590484, 0.599662, 0.599451, 0.592413];0.6945250000000001;0.00012853267750000051;0.8333045465629598;[0.688177, 0.691626, 0.69064, 0.699015, 0.701478, 0.671267, 0.702316, 0.711681]
144;5;120;8;50;0.663282125;6.181673109375037e-06;0.8144175485135929;[0.664461, 0.659956, 0.661223, 0.661012, 0.665517, 0.663359, 0.662725, 0.668004];0.7173733749999999;7.391097823437515e-05;0.846935336387475;[0.719212, 0.716749, 0.729557, 0.717241, 0.713793, 0.700345, 0.728438, 0.713652]
145;5;120;8;100;0.7100185000000001;3.629400250000031e-06;0.8426238013489472;[0.710495, 0.71141, 0.707327, 0.710002, 0.711128, 0.713049, 0.709741, 0.706996];0.7457027500000002;9.299384818750001e-05;0.8634869750910042;[0.746798, 0.74335, 0.766502, 0.746305, 0.750739, 0.730902, 0.738788, 0.742238]
146;5;120;8;200;0.736378;2.4798082500000627e-06;0.858123254662027;[0.734497, 0.735623, 0.737172, 0.735201, 0.739283, 0.737683, 0.736979, 0.734586];0.757958875;7.477946585937511e-05;0.8705653884310706;[0.761576, 0.760099, 0.768473, 0.765025, 0.755172, 0.737802, 0.756037, 0.759487]
147;6;60;2;1;0.0;0.0;0.0;[0.0, 0.0];0.6070705000000001;7.31702500000037e-08;0.7791472433563185;[0.607341, 0.6068]
148;6;60;2;3;0.3737145;1.178310250000037e-06;0.6113209645429724;[0.372629, 0.3748];0.690706;4.999695999999822e-06;0.8310842317743732;[0.692942, 0.68847]
149;6;60;2;5;0.461354;4.0160160000000235e-06;0.6792274905979586;[0.45935, 0.463358];0.70715;7.107556000000009e-06;0.8409178868617315;[0.709816, 0.704484]
150;6;60;2;20;0.6346609999999999;4.788639999999975e-05;0.7966260814208884;[0.627741, 0.641581];0.7390525;5.038870225000011e-05;0.8596523200095199;[0.746151, 0.731954]
151;6;60;2;50;0.6941550000000001;1.7698849000000137e-05;0.8331490269759667;[0.689948, 0.698362];0.7513085;1.9798050249999958e-05;0.8667691168643181;[0.755758, 0.746859]
152;6;60;2;100;0.7289525;6.683062500000433e-07;0.8537867600834239;[0.728135, 0.72977];0.7647345;3.975302499999726e-07;0.8744907675154437;[0.765365, 0.764104]
153;6;60;2;200;0.7473665;2.322758025000031e-05;0.864490180638132;[0.742547, 0.752186];0.771016;7.039210000000014e-05;0.8780350835245708;[0.779406, 0.762626]
154;6;60;3;1;0.0;0.0;0.0;[0.0, 0.0, 0.0];0.5632199999999999;5.864286666666554e-07;0.7504794557956489;[0.562719, 0.564302, 0.562639]
155;6;60;3;3;0.34581533333333336;8.463722222222208e-07;0.5880599348375225;[0.344882, 0.347067, 0.345497];0.6597893333333333;2.9541066888888814e-05;0.8122559893693887;[0.660078, 0.666297, 0.652993]
156;6;60;3;5;0.4355176666666667;2.1176474888888794e-05;0.6599215788196184;[0.435606, 0.429838, 0.441109];0.6851023333333334;3.0745454222222136e-05;0.8276905145518529;[0.681877, 0.692905, 0.680525]
157;6;60;3;20;0.621913;1.509492199999999e-05;0.7886050374414305;[0.619919, 0.618476, 0.627344];0.7231013333333333;2.192400022222243e-05;0.8503407607148508;[0.727877, 0.724686, 0.716741]
158;6;60;3;50;0.6853483333333333;4.960915555555099e-07;0.8278573773554101;[0.684405, 0.685543, 0.686097];0.742255;1.181629066666659e-05;0.8615353641664011;[0.746721, 0.741685, 0.738359]
159;6;60;3;100;0.7228856666666666;3.827106888888948e-06;0.8502245818369273;[0.723392, 0.724988, 0.720277];0.7594373333333334;5.9654490888888676e-05;0.8714227899489688;[0.769813, 0.757206, 0.751293]
160;6;60;3;200;0.7433333333333333;4.884747555555502e-06;0.862164977591747;[0.742886, 0.740878, 0.746236];0.7611623333333334;7.052792688888922e-05;0.8724057573207805;[0.768705, 0.765336, 0.749446]
161;6;60;4;1;0.0;0.0;0.0;[0.0, 0.0, 0.0, 0.0];0.54265025;6.513484818749993e-05;0.7366037707966289;[0.532512, 0.555063, 0.540774, 0.542252]
162;6;60;4;3;0.33452424999999997;1.1627605687500039e-05;0.5783706617683096;[0.339657, 0.330514, 0.335277, 0.332649];0.641991;5.2382880000000286e-05;0.8012107195488588;[0.634975, 0.650407, 0.647943, 0.634639]
163;6;60;4;5;0.42709075;1.081429368749999e-05;0.6535135313873099;[0.430484, 0.422894, 0.424865, 0.43012];0.66939725;8.528879687500026e-06;0.8181617939749525;[0.66798, 0.668638, 0.666667, 0.674304]
164;6;60;4;20;0.61495325;6.03100368749983e-06;0.7841857044070062;[0.61534, 0.611759, 0.618574, 0.61414];0.7172505;2.8316485250000363e-05;0.8468897115414439;[0.723153, 0.719882, 0.708795, 0.717172]
165;6;60;4;50;0.681427;6.3209495000000655e-06;0.8254820888732232;[0.678985, 0.678847, 0.683774, 0.684102];0.73049225;5.510103568750024e-05;0.8546561583258571;[0.728325, 0.735649, 0.719389, 0.738606]
166;6;60;4;100;0.720987;2.765996000000028e-06;0.8491079048059793;[0.721853, 0.720069, 0.723189, 0.718837];0.755065;5.808620650000032e-05;0.8689113382811274;[0.761823, 0.755358, 0.742547, 0.760532]
167;6;60;4;200;0.7431792500000001;7.478379687499913e-06;0.8620741102830501;[0.741644, 0.741337, 0.747906, 0.74183];0.76270225;7.398524168750012e-05;0.8732859009272465;[0.767488, 0.771865, 0.748953, 0.762503]
168;6;60;5;1;0.0;0.0;0.0;[0.0, 0.0, 0.0, 0.0, 0.0];0.5342118;6.353061736000048e-05;0.7308544789372505;[0.524631, 0.547722, 0.533723, 0.536803, 0.52818]
169;6;60;5;3;0.327077;1.4684148000000164e-06;0.5719051770924967;[0.327662, 0.325044, 0.327483, 0.326559, 0.328637];0.634662;8.355634399999971e-05;0.7966043206360357;[0.632697, 0.633929, 0.649523, 0.63628, 0.620881]
170;6;60;5;5;0.4207826;9.360719439999916e-06;0.6486703625729789;[0.421126, 0.416044, 0.421093, 0.420015, 0.425635];0.6644704;3.2953504640000144e-05;0.815130324853247;[0.664101, 0.657635, 0.674161, 0.659994, 0.666461]
171;6;60;5;20;0.6123514;6.129747440000052e-06;0.7825249326715156;[0.613442, 0.613442, 0.607467, 0.614319, 0.613087];0.7157104000000001;2.4492317440000147e-05;0.8459822147554641;[0.722906, 0.719828, 0.711426, 0.709886, 0.714506]
172;6;60;5;50;0.6777730000000001;2.587645999999957e-06;0.8232681290770341;[0.678343, 0.674571, 0.678522, 0.678599, 0.67883];0.7310464;1.0272229039999905e-05;0.8550065074436334;[0.727833, 0.734606, 0.734216, 0.726825, 0.731752]
173;6;60;5;100;0.718729;9.135790799999838e-06;0.8477734745845732;[0.720918, 0.716529, 0.719092, 0.722787, 0.714319];0.752663;4.423966999999962e-05;0.8675360282604982;[0.758929, 0.761392, 0.750231, 0.743148, 0.749615]
174;6;60;5;200;0.7423322;6.304482159999941e-06;0.8615833653906277;[0.741935, 0.740088, 0.743264, 0.746651, 0.739723];0.7638100000000001;9.938661679999996e-05;0.8739053801088538;[0.772475, 0.769397, 0.770865, 0.745611, 0.760702]
175;6;60;6;1;0.0;0.0;0.0;[0.0, 0.0, 0.0, 0.0, 0.0, 0.0];0.5285468333333333;8.105080113888869e-05;0.7269565203863257;[0.517178, 0.535477, 0.540281, 0.518108, 0.535477, 0.52476]
176;6;60;6;3;0.32306450000000003;3.0752555833333345e-06;0.5683849265633428;[0.322321, 0.323479, 0.321558, 0.326509, 0.321188, 0.323332];0.6306585000000001;7.752970958333302e-05;0.7940912858673219;[0.628001, 0.636733, 0.63969, 0.634516, 0.632299, 0.612712]
177;6;60;6;5;0.4163948333333334;5.885855805555537e-06;0.6452820681512293;[0.418477, 0.412904, 0.415934, 0.413643, 0.418299, 0.419112];0.6585573333333333;7.508463288888853e-05;0.8114691914672081;[0.665682, 0.643016, 0.669993, 0.656319, 0.654841, 0.661493]
178;6;60;6;20;0.6089795;3.601738249999947e-06;0.7803690782326975;[0.610717, 0.608824, 0.605055, 0.610524, 0.609859, 0.608898];0.7137403333333333;3.818850655555548e-05;0.8448089398359713;[0.716661, 0.719143, 0.715817, 0.709904, 0.701774, 0.719143]
179;6;60;6;50;0.6757160000000001;4.500546666666661e-06;0.8220167269912051;[0.67561, 0.673269, 0.672899, 0.677777, 0.676077, 0.678664];0.7286448333333334;2.9759275138888978e-05;0.8535895231656692;[0.724788, 0.738359, 0.72949, 0.728012, 0.720621, 0.730599]
180;6;60;6;100;0.7182116666666666;4.01336588888883e-06;0.8474713288960151;[0.720399, 0.717168, 0.718277, 0.718203, 0.720568, 0.714655];0.7513081666666667;7.331831147222215e-05;0.8667380505984461;[0.758404, 0.765336, 0.749446, 0.745011, 0.739098, 0.750554]
181;6;60;6;200;0.7404936666666667;4.818552222222256e-06;0.8605166169891459;[0.738211, 0.739339, 0.740152, 0.74466, 0.741852, 0.738748];0.7614081666666667;0.0001266649118055556;0.8725144707996888;[0.777614, 0.766445, 0.766445, 0.75388, 0.741685, 0.76238]
182;6;60;7;1;0.0;0.0;0.0;[0.0, 0.0, 0.0, 0.0, 0.0, 0.0, 0.0];0.5204771428571429;7.448642755102072e-05;0.7213893930670119;[0.5125, 0.526293, 0.528879, 0.525862, 0.503234, 0.520914, 0.525658]
183;6;60;7;3;0.32024600000000003;2.12691142857141e-06;0.5659009392893525;[0.320112, 0.320543, 0.317741, 0.32119, 0.322748, 0.320305, 0.319083];0.625545857142857;0.00012840183640816313;0.7908333928878123;[0.615948, 0.622414, 0.634052, 0.642672, 0.625701, 0.632169, 0.605865]
184;6;60;7;5;0.41379785714285716;7.313266122448998e-06;0.6432655313917688;[0.415032, 0.411655, 0.408637, 0.415176, 0.412919, 0.416942, 0.416224];0.6551704285714285;0.00016212838824489767;0.8093258306659831;[0.668966, 0.635345, 0.649569, 0.665517, 0.6395, 0.660198, 0.667098]
185;6;60;7;20;0.6078811428571428;4.727262979591858e-06;0.7796642967291519;[0.606812, 0.60868, 0.608608, 0.605231, 0.612301, 0.607702, 0.605834];0.7092437142857143;6.473143848979592e-05;0.8421276523468544;[0.720259, 0.707328, 0.712069, 0.709052, 0.699008, 0.698146, 0.718844]
186;6;60;7;50;0.6753197142857142;1.975479632653036e-06;0.8217771831865871;[0.674427, 0.673924, 0.674858, 0.67378, 0.675528, 0.677109, 0.677612];0.7288288571428572;1.2908668122448978e-05;0.853707179584859;[0.728879, 0.725, 0.735776, 0.732328, 0.726606, 0.726175, 0.727038]
187;6;60;7;100;0.7152081428571428;4.7499118367346946e-06;0.845696986482337;[0.717037, 0.717899, 0.712079, 0.717109, 0.716051, 0.713105, 0.713177];0.7504457142857142;3.104429734693884e-05;0.8662647805309687;[0.757759, 0.751724, 0.75819, 0.75, 0.743424, 0.743424, 0.748599]
188;6;60;7;200;0.739802;2.1485462857142194e-06;0.8601161848574379;[0.738952, 0.74118, 0.738521, 0.742617, 0.740049, 0.738899, 0.738396];0.7594985714285716;0.00010557208538775516;0.8714315804141963;[0.777155, 0.759052, 0.769828, 0.753017, 0.749892, 0.746011, 0.761535]
189;6;60;8;1;0.0;0.0;0.0;[0.0, 0.0, 0.0, 0.0, 0.0, 0.0, 0.0, 0.0];0.518814625;0.00011949522273437513;0.720204922072368;[0.510345, 0.507882, 0.541872, 0.527586, 0.512315, 0.509611, 0.523903, 0.517003]
190;6;60;8;3;0.31831162500000004;5.068805484374981e-06;0.564186632413881;[0.318223, 0.321672, 0.313296, 0.318435, 0.31942, 0.319749, 0.317427, 0.318271];0.618832875;0.00010908409460937486;0.7865899763570539;[0.610837, 0.61133, 0.635961, 0.628571, 0.617241, 0.623953, 0.621981, 0.600789]
191;6;60;8;5;0.412901625;3.2232642343749846e-06;0.6425717094113043;[0.412895, 0.414303, 0.408742, 0.414162, 0.412332, 0.413288, 0.412514, 0.414977];0.65430875;9.119064193750001e-05;0.8088371649213842;[0.662562, 0.639409, 0.651232, 0.663547, 0.647291, 0.643667, 0.660424, 0.666338]
192;6;60;8;20;0.607580375;4.808108984375073e-06;0.7794713380817896;[0.605054, 0.608573, 0.607306, 0.604139, 0.607869, 0.611909, 0.608178, 0.607615];0.708566;4.2662695749999706e-05;0.8417382831404605;[0.718227, 0.703941, 0.710345, 0.710837, 0.712808, 0.695416, 0.704781, 0.712173]
193;6;60;8;50;0.674790375;1.7560229843749783e-06;0.8214551837909453;[0.675019, 0.674245, 0.675442, 0.673471, 0.675301, 0.672227, 0.67652, 0.676098];0.726427;5.215674924999975e-05;0.8522762716694335;[0.72069, 0.724138, 0.74335, 0.72069, 0.728571, 0.720552, 0.729916, 0.723509]
194;6;60;8;100;0.7141447500000001;5.00641568750005e-06;0.8450678928845378;[0.716055, 0.711199, 0.711621, 0.712677, 0.716407, 0.717342, 0.715301, 0.712556];0.746750375;2.8453639234375126e-05;0.864130731637734;[0.748276, 0.750739, 0.751724, 0.747291, 0.748768, 0.733366, 0.74618, 0.747659]
195;6;60;8;200;0.7405395;2.1236217499999934e-06;0.8605448136955158;[0.740691, 0.741958, 0.739635, 0.740339, 0.742732, 0.741765, 0.73895, 0.738246];0.76029925;7.991016693749966e-05;0.8719055796547367;[0.774384, 0.763054, 0.771921, 0.753202, 0.759113, 0.745688, 0.754559, 0.760473]
196;7;60;2;1;0.0;0.0;0.0;[0.0, 0.0];0.6070705000000001;7.31702500000037e-08;0.7791472433563185;[0.607341, 0.6068]
197;7;60;2;3;0.3737145;1.178310250000037e-06;0.6113209645429724;[0.372629, 0.3748];0.690706;4.999695999999822e-06;0.8310842317743732;[0.692942, 0.68847]
198;7;60;2;5;0.461354;4.0160160000000235e-06;0.6792274905979586;[0.45935, 0.463358];0.70715;7.107556000000009e-06;0.8409178868617315;[0.709816, 0.704484]
199;7;60;2;20;0.6346609999999999;4.788639999999975e-05;0.7966260814208884;[0.627741, 0.641581];0.7390525;5.038870225000011e-05;0.8596523200095199;[0.746151, 0.731954]
200;7;60;2;50;0.6941550000000001;1.7698849000000137e-05;0.8331490269759667;[0.689948, 0.698362];0.7513085;1.9798050249999958e-05;0.8667691168643181;[0.755758, 0.746859]
201;7;60;2;100;0.7289525;6.683062500000433e-07;0.8537867600834239;[0.728135, 0.72977];0.7647345;3.975302499999726e-07;0.8744907675154437;[0.765365, 0.764104]
202;7;60;2;200;0.7473665;2.322758025000031e-05;0.864490180638132;[0.742547, 0.752186];0.771016;7.039210000000014e-05;0.8780350835245708;[0.779406, 0.762626]
203;7;60;3;1;0.0;0.0;0.0;[0.0, 0.0, 0.0];0.5632199999999999;5.864286666666554e-07;0.7504794557956489;[0.562719, 0.564302, 0.562639]
204;7;60;3;3;0.34581533333333336;8.463722222222208e-07;0.5880599348375225;[0.344882, 0.347067, 0.345497];0.6597893333333333;2.9541066888888814e-05;0.8122559893693887;[0.660078, 0.666297, 0.652993]
205;7;60;3;5;0.4355176666666667;2.1176474888888794e-05;0.6599215788196184;[0.435606, 0.429838, 0.441109];0.6851023333333334;3.0745454222222136e-05;0.8276905145518529;[0.681877, 0.692905, 0.680525]
206;7;60;3;20;0.621913;1.509492199999999e-05;0.7886050374414305;[0.619919, 0.618476, 0.627344];0.7231013333333333;2.192400022222243e-05;0.8503407607148508;[0.727877, 0.724686, 0.716741]
207;7;60;3;50;0.6853483333333333;4.960915555555099e-07;0.8278573773554101;[0.684405, 0.685543, 0.686097];0.742255;1.181629066666659e-05;0.8615353641664011;[0.746721, 0.741685, 0.738359]
208;7;60;3;100;0.7228856666666666;3.827106888888948e-06;0.8502245818369273;[0.723392, 0.724988, 0.720277];0.7594373333333334;5.9654490888888676e-05;0.8714227899489688;[0.769813, 0.757206, 0.751293]
209;7;60;3;200;0.7433333333333333;4.884747555555502e-06;0.862164977591747;[0.742886, 0.740878, 0.746236];0.7611623333333334;7.052792688888922e-05;0.8724057573207805;[0.768705, 0.765336, 0.749446]
210;7;60;4;1;0.0;0.0;0.0;[0.0, 0.0, 0.0, 0.0];0.54265025;6.513484818749993e-05;0.7366037707966289;[0.532512, 0.555063, 0.540774, 0.542252]
211;7;60;4;3;0.33452424999999997;1.1627605687500039e-05;0.5783706617683096;[0.339657, 0.330514, 0.335277, 0.332649];0.641991;5.2382880000000286e-05;0.8012107195488588;[0.634975, 0.650407, 0.647943, 0.634639]
212;7;60;4;5;0.42709075;1.081429368749999e-05;0.6535135313873099;[0.430484, 0.422894, 0.424865, 0.43012];0.66939725;8.528879687500026e-06;0.8181617939749525;[0.66798, 0.668638, 0.666667, 0.674304]
213;7;60;4;20;0.61495325;6.03100368749983e-06;0.7841857044070062;[0.61534, 0.611759, 0.618574, 0.61414];0.7172505;2.8316485250000363e-05;0.8468897115414439;[0.723153, 0.719882, 0.708795, 0.717172]
214;7;60;4;50;0.681427;6.3209495000000655e-06;0.8254820888732232;[0.678985, 0.678847, 0.683774, 0.684102];0.73049225;5.510103568750024e-05;0.8546561583258571;[0.728325, 0.735649, 0.719389, 0.738606]
215;7;60;4;100;0.720987;2.765996000000028e-06;0.8491079048059793;[0.721853, 0.720069, 0.723189, 0.718837];0.755065;5.808620650000032e-05;0.8689113382811274;[0.761823, 0.755358, 0.742547, 0.760532]
216;7;60;4;200;0.7431792500000001;7.478379687499913e-06;0.8620741102830501;[0.741644, 0.741337, 0.747906, 0.74183];0.76270225;7.398524168750012e-05;0.8732859009272465;[0.767488, 0.771865, 0.748953, 0.762503]
217;7;60;5;1;0.0;0.0;0.0;[0.0, 0.0, 0.0, 0.0, 0.0];0.5342118;6.353061736000048e-05;0.7308544789372505;[0.524631, 0.547722, 0.533723, 0.536803, 0.52818]
218;7;60;5;3;0.327077;1.4684148000000164e-06;0.5719051770924967;[0.327662, 0.325044, 0.327483, 0.326559, 0.328637];0.634662;8.355634399999971e-05;0.7966043206360357;[0.632697, 0.633929, 0.649523, 0.63628, 0.620881]
219;7;60;5;5;0.4207826;9.360719439999916e-06;0.6486703625729789;[0.421126, 0.416044, 0.421093, 0.420015, 0.425635];0.6644704;3.2953504640000144e-05;0.815130324853247;[0.664101, 0.657635, 0.674161, 0.659994, 0.666461]
220;7;60;5;20;0.6123514;6.129747440000052e-06;0.7825249326715156;[0.613442, 0.613442, 0.607467, 0.614319, 0.613087];0.7157104000000001;2.4492317440000147e-05;0.8459822147554641;[0.722906, 0.719828, 0.711426, 0.709886, 0.714506]
221;7;60;5;50;0.6777730000000001;2.587645999999957e-06;0.8232681290770341;[0.678343, 0.674571, 0.678522, 0.678599, 0.67883];0.7310464;1.0272229039999905e-05;0.8550065074436334;[0.727833, 0.734606, 0.734216, 0.726825, 0.731752]
222;7;60;5;100;0.718729;9.135790799999838e-06;0.8477734745845732;[0.720918, 0.716529, 0.719092, 0.722787, 0.714319];0.752663;4.423966999999962e-05;0.8675360282604982;[0.758929, 0.761392, 0.750231, 0.743148, 0.749615]
223;7;60;5;200;0.7423322;6.304482159999941e-06;0.8615833653906277;[0.741935, 0.740088, 0.743264, 0.746651, 0.739723];0.7638100000000001;9.938661679999996e-05;0.8739053801088538;[0.772475, 0.769397, 0.770865, 0.745611, 0.760702]
224;7;60;6;1;0.0;0.0;0.0;[0.0, 0.0, 0.0, 0.0, 0.0, 0.0];0.5285468333333333;8.105080113888869e-05;0.7269565203863257;[0.517178, 0.535477, 0.540281, 0.518108, 0.535477, 0.52476]
225;7;60;6;3;0.32306450000000003;3.0752555833333345e-06;0.5683849265633428;[0.322321, 0.323479, 0.321558, 0.326509, 0.321188, 0.323332];0.6306585000000001;7.752970958333302e-05;0.7940912858673219;[0.628001, 0.636733, 0.63969, 0.634516, 0.632299, 0.612712]
226;7;60;6;5;0.4163948333333334;5.885855805555537e-06;0.6452820681512293;[0.418477, 0.412904, 0.415934, 0.413643, 0.418299, 0.419112];0.6585573333333333;7.508463288888853e-05;0.8114691914672081;[0.665682, 0.643016, 0.669993, 0.656319, 0.654841, 0.661493]
227;7;60;6;20;0.6089795;3.601738249999947e-06;0.7803690782326975;[0.610717, 0.608824, 0.605055, 0.610524, 0.609859, 0.608898];0.7137403333333333;3.818850655555548e-05;0.8448089398359713;[0.716661, 0.719143, 0.715817, 0.709904, 0.701774, 0.719143]
228;7;60;6;50;0.6757160000000001;4.500546666666661e-06;0.8220167269912051;[0.67561, 0.673269, 0.672899, 0.677777, 0.676077, 0.678664];0.7286448333333334;2.9759275138888978e-05;0.8535895231656692;[0.724788, 0.738359, 0.72949, 0.728012, 0.720621, 0.730599]
229;7;60;6;100;0.7182116666666666;4.01336588888883e-06;0.8474713288960151;[0.720399, 0.717168, 0.718277, 0.718203, 0.720568, 0.714655];0.7513081666666667;7.331831147222215e-05;0.8667380505984461;[0.758404, 0.765336, 0.749446, 0.745011, 0.739098, 0.750554]
230;7;60;6;200;0.7404936666666667;4.818552222222256e-06;0.8605166169891459;[0.738211, 0.739339, 0.740152, 0.74466, 0.741852, 0.738748];0.7614081666666667;0.0001266649118055556;0.8725144707996888;[0.777614, 0.766445, 0.766445, 0.75388, 0.741685, 0.76238]
231;7;60;7;1;0.0;0.0;0.0;[0.0, 0.0, 0.0, 0.0, 0.0, 0.0, 0.0];0.5204771428571429;7.448642755102072e-05;0.7213893930670119;[0.5125, 0.526293, 0.528879, 0.525862, 0.503234, 0.520914, 0.525658]
232;7;60;7;3;0.32024600000000003;2.12691142857141e-06;0.5659009392893525;[0.320112, 0.320543, 0.317741, 0.32119, 0.322748, 0.320305, 0.319083];0.625545857142857;0.00012840183640816313;0.7908333928878123;[0.615948, 0.622414, 0.634052, 0.642672, 0.625701, 0.632169, 0.605865]
233;7;60;7;5;0.41379785714285716;7.313266122448998e-06;0.6432655313917688;[0.415032, 0.411655, 0.408637, 0.415176, 0.412919, 0.416942, 0.416224];0.6551704285714285;0.00016212838824489767;0.8093258306659831;[0.668966, 0.635345, 0.649569, 0.665517, 0.6395, 0.660198, 0.667098]
234;7;60;7;20;0.6078811428571428;4.727262979591858e-06;0.7796642967291519;[0.606812, 0.60868, 0.608608, 0.605231, 0.612301, 0.607702, 0.605834];0.7092437142857143;6.473143848979592e-05;0.8421276523468544;[0.720259, 0.707328, 0.712069, 0.709052, 0.699008, 0.698146, 0.718844]
235;7;60;7;50;0.6753197142857142;1.975479632653036e-06;0.8217771831865871;[0.674427, 0.673924, 0.674858, 0.67378, 0.675528, 0.677109, 0.677612];0.7288288571428572;1.2908668122448978e-05;0.853707179584859;[0.728879, 0.725, 0.735776, 0.732328, 0.726606, 0.726175, 0.727038]
236;7;60;7;100;0.7152081428571428;4.7499118367346946e-06;0.845696986482337;[0.717037, 0.717899, 0.712079, 0.717109, 0.716051, 0.713105, 0.713177];0.7504457142857142;3.104429734693884e-05;0.8662647805309687;[0.757759, 0.751724, 0.75819, 0.75, 0.743424, 0.743424, 0.748599]
237;7;60;7;200;0.739802;2.1485462857142194e-06;0.8601161848574379;[0.738952, 0.74118, 0.738521, 0.742617, 0.740049, 0.738899, 0.738396];0.7594985714285716;0.00010557208538775516;0.8714315804141963;[0.777155, 0.759052, 0.769828, 0.753017, 0.749892, 0.746011, 0.761535]
238;7;60;8;1;0.0;0.0;0.0;[0.0, 0.0, 0.0, 0.0, 0.0, 0.0, 0.0, 0.0];0.518814625;0.00011949522273437513;0.720204922072368;[0.510345, 0.507882, 0.541872, 0.527586, 0.512315, 0.509611, 0.523903, 0.517003]
239;7;60;8;3;0.31831162500000004;5.068805484374981e-06;0.564186632413881;[0.318223, 0.321672, 0.313296, 0.318435, 0.31942, 0.319749, 0.317427, 0.318271];0.618832875;0.00010908409460937486;0.7865899763570539;[0.610837, 0.61133, 0.635961, 0.628571, 0.617241, 0.623953, 0.621981, 0.600789]
240;7;60;8;5;0.412901625;3.2232642343749846e-06;0.6425717094113043;[0.412895, 0.414303, 0.408742, 0.414162, 0.412332, 0.413288, 0.412514, 0.414977];0.65430875;9.119064193750001e-05;0.8088371649213842;[0.662562, 0.639409, 0.651232, 0.663547, 0.647291, 0.643667, 0.660424, 0.666338]
241;7;60;8;20;0.607580375;4.808108984375073e-06;0.7794713380817896;[0.605054, 0.608573, 0.607306, 0.604139, 0.607869, 0.611909, 0.608178, 0.607615];0.708566;4.2662695749999706e-05;0.8417382831404605;[0.718227, 0.703941, 0.710345, 0.710837, 0.712808, 0.695416, 0.704781, 0.712173]
242;7;60;8;50;0.674790375;1.7560229843749783e-06;0.8214551837909453;[0.675019, 0.674245, 0.675442, 0.673471, 0.675301, 0.672227, 0.67652, 0.676098];0.726427;5.215674924999975e-05;0.8522762716694335;[0.72069, 0.724138, 0.74335, 0.72069, 0.728571, 0.720552, 0.729916, 0.723509]
243;7;60;8;100;0.7141447500000001;5.00641568750005e-06;0.8450678928845378;[0.716055, 0.711199, 0.711621, 0.712677, 0.716407, 0.717342, 0.715301, 0.712556];0.746750375;2.8453639234375126e-05;0.864130731637734;[0.748276, 0.750739, 0.751724, 0.747291, 0.748768, 0.733366, 0.74618, 0.747659]
244;7;60;8;200;0.7405395;2.1236217499999934e-06;0.8605448136955158;[0.740691, 0.741958, 0.739635, 0.740339, 0.742732, 0.741765, 0.73895, 0.738246];0.76029925;7.991016693749966e-05;0.8719055796547367;[0.774384, 0.763054, 0.771921, 0.753202, 0.759113, 0.745688, 0.754559, 0.760473]
245;8;60;2;1;0.0;0.0;0.0;[0.0, 0.0];0.6070705000000001;7.31702500000037e-08;0.7791472433563185;[0.607341, 0.6068]
246;8;60;2;3;0.3737145;1.178310250000037e-06;0.6113209645429724;[0.372629, 0.3748];0.690706;4.999695999999822e-06;0.8310842317743732;[0.692942, 0.68847]
247;8;60;2;5;0.461354;4.0160160000000235e-06;0.6792274905979586;[0.45935, 0.463358];0.70715;7.107556000000009e-06;0.8409178868617315;[0.709816, 0.704484]
248;8;60;2;20;0.6346609999999999;4.788639999999975e-05;0.7966260814208884;[0.627741, 0.641581];0.7390525;5.038870225000011e-05;0.8596523200095199;[0.746151, 0.731954]
249;8;60;2;50;0.6941550000000001;1.7698849000000137e-05;0.8331490269759667;[0.689948, 0.698362];0.7513085;1.9798050249999958e-05;0.8667691168643181;[0.755758, 0.746859]
250;8;60;2;100;0.7289525;6.683062500000433e-07;0.8537867600834239;[0.728135, 0.72977];0.7647345;3.975302499999726e-07;0.8744907675154437;[0.765365, 0.764104]
251;8;60;2;200;0.7473665;2.322758025000031e-05;0.864490180638132;[0.742547, 0.752186];0.771016;7.039210000000014e-05;0.8780350835245708;[0.779406, 0.762626]
252;8;60;3;1;0.0;0.0;0.0;[0.0, 0.0, 0.0];0.5632199999999999;5.864286666666554e-07;0.7504794557956489;[0.562719, 0.564302, 0.562639]
253;8;60;3;3;0.34581533333333336;8.463722222222208e-07;0.5880599348375225;[0.344882, 0.347067, 0.345497];0.6597893333333333;2.9541066888888814e-05;0.8122559893693887;[0.660078, 0.666297, 0.652993]
254;8;60;3;5;0.4355176666666667;2.1176474888888794e-05;0.6599215788196184;[0.435606, 0.429838, 0.441109];0.6851023333333334;3.0745454222222136e-05;0.8276905145518529;[0.681877, 0.692905, 0.680525]
255;8;60;3;20;0.621913;1.509492199999999e-05;0.7886050374414305;[0.619919, 0.618476, 0.627344];0.7231013333333333;2.192400022222243e-05;0.8503407607148508;[0.727877, 0.724686, 0.716741]
256;8;60;3;50;0.6853483333333333;4.960915555555099e-07;0.8278573773554101;[0.684405, 0.685543, 0.686097];0.742255;1.181629066666659e-05;0.8615353641664011;[0.746721, 0.741685, 0.738359]
257;8;60;3;100;0.7228856666666666;3.827106888888948e-06;0.8502245818369273;[0.723392, 0.724988, 0.720277];0.7594373333333334;5.9654490888888676e-05;0.8714227899489688;[0.769813, 0.757206, 0.751293]
258;8;60;3;200;0.7433333333333333;4.884747555555502e-06;0.862164977591747;[0.742886, 0.740878, 0.746236];0.7611623333333334;7.052792688888922e-05;0.8724057573207805;[0.768705, 0.765336, 0.749446]
259;8;60;4;1;0.0;0.0;0.0;[0.0, 0.0, 0.0, 0.0];0.54265025;6.513484818749993e-05;0.7366037707966289;[0.532512, 0.555063, 0.540774, 0.542252]
260;8;60;4;3;0.33452424999999997;1.1627605687500039e-05;0.5783706617683096;[0.339657, 0.330514, 0.335277, 0.332649];0.641991;5.2382880000000286e-05;0.8012107195488588;[0.634975, 0.650407, 0.647943, 0.634639]
261;8;60;4;5;0.42709075;1.081429368749999e-05;0.6535135313873099;[0.430484, 0.422894, 0.424865, 0.43012];0.66939725;8.528879687500026e-06;0.8181617939749525;[0.66798, 0.668638, 0.666667, 0.674304]
262;8;60;4;20;0.61495325;6.03100368749983e-06;0.7841857044070062;[0.61534, 0.611759, 0.618574, 0.61414];0.7172505;2.8316485250000363e-05;0.8468897115414439;[0.723153, 0.719882, 0.708795, 0.717172]
263;8;60;4;50;0.681427;6.3209495000000655e-06;0.8254820888732232;[0.678985, 0.678847, 0.683774, 0.684102];0.73049225;5.510103568750024e-05;0.8546561583258571;[0.728325, 0.735649, 0.719389, 0.738606]
264;8;60;4;100;0.720987;2.765996000000028e-06;0.8491079048059793;[0.721853, 0.720069, 0.723189, 0.718837];0.755065;5.808620650000032e-05;0.8689113382811274;[0.761823, 0.755358, 0.742547, 0.760532]
265;8;60;4;200;0.7431792500000001;7.478379687499913e-06;0.8620741102830501;[0.741644, 0.741337, 0.747906, 0.74183];0.76270225;7.398524168750012e-05;0.8732859009272465;[0.767488, 0.771865, 0.748953, 0.762503]
266;8;60;5;1;0.0;0.0;0.0;[0.0, 0.0, 0.0, 0.0, 0.0];0.5342118;6.353061736000048e-05;0.7308544789372505;[0.524631, 0.547722, 0.533723, 0.536803, 0.52818]
267;8;60;5;3;0.327077;1.4684148000000164e-06;0.5719051770924967;[0.327662, 0.325044, 0.327483, 0.326559, 0.328637];0.634662;8.355634399999971e-05;0.7966043206360357;[0.632697, 0.633929, 0.649523, 0.63628, 0.620881]
268;8;60;5;5;0.4207826;9.360719439999916e-06;0.6486703625729789;[0.421126, 0.416044, 0.421093, 0.420015, 0.425635];0.6644704;3.2953504640000144e-05;0.815130324853247;[0.664101, 0.657635, 0.674161, 0.659994, 0.666461]
269;8;60;5;20;0.6123514;6.129747440000052e-06;0.7825249326715156;[0.613442, 0.613442, 0.607467, 0.614319, 0.613087];0.7157104000000001;2.4492317440000147e-05;0.8459822147554641;[0.722906, 0.719828, 0.711426, 0.709886, 0.714506]
270;8;60;5;50;0.6777730000000001;2.587645999999957e-06;0.8232681290770341;[0.678343, 0.674571, 0.678522, 0.678599, 0.67883];0.7310464;1.0272229039999905e-05;0.8550065074436334;[0.727833, 0.734606, 0.734216, 0.726825, 0.731752]
271;8;60;5;100;0.718729;9.135790799999838e-06;0.8477734745845732;[0.720918, 0.716529, 0.719092, 0.722787, 0.714319];0.752663;4.423966999999962e-05;0.8675360282604982;[0.758929, 0.761392, 0.750231, 0.743148, 0.749615]
272;8;60;5;200;0.7423322;6.304482159999941e-06;0.8615833653906277;[0.741935, 0.740088, 0.743264, 0.746651, 0.739723];0.7638100000000001;9.938661679999996e-05;0.8739053801088538;[0.772475, 0.769397, 0.770865, 0.745611, 0.760702]
273;8;60;6;1;0.0;0.0;0.0;[0.0, 0.0, 0.0, 0.0, 0.0, 0.0];0.5285468333333333;8.105080113888869e-05;0.7269565203863257;[0.517178, 0.535477, 0.540281, 0.518108, 0.535477, 0.52476]
274;8;60;6;3;0.32306450000000003;3.0752555833333345e-06;0.5683849265633428;[0.322321, 0.323479, 0.321558, 0.326509, 0.321188, 0.323332];0.6306585000000001;7.752970958333302e-05;0.7940912858673219;[0.628001, 0.636733, 0.63969, 0.634516, 0.632299, 0.612712]
275;8;60;6;5;0.4163948333333334;5.885855805555537e-06;0.6452820681512293;[0.418477, 0.412904, 0.415934, 0.413643, 0.418299, 0.419112];0.6585573333333333;7.508463288888853e-05;0.8114691914672081;[0.665682, 0.643016, 0.669993, 0.656319, 0.654841, 0.661493]
276;8;60;6;20;0.6089795;3.601738249999947e-06;0.7803690782326975;[0.610717, 0.608824, 0.605055, 0.610524, 0.609859, 0.608898];0.7137403333333333;3.818850655555548e-05;0.8448089398359713;[0.716661, 0.719143, 0.715817, 0.709904, 0.701774, 0.719143]
277;8;60;6;50;0.6757160000000001;4.500546666666661e-06;0.8220167269912051;[0.67561, 0.673269, 0.672899, 0.677777, 0.676077, 0.678664];0.7286448333333334;2.9759275138888978e-05;0.8535895231656692;[0.724788, 0.738359, 0.72949, 0.728012, 0.720621, 0.730599]
278;8;60;6;100;0.7182116666666666;4.01336588888883e-06;0.8474713288960151;[0.720399, 0.717168, 0.718277, 0.718203, 0.720568, 0.714655];0.7513081666666667;7.331831147222215e-05;0.8667380505984461;[0.758404, 0.765336, 0.749446, 0.745011, 0.739098, 0.750554]
279;8;60;6;200;0.7404936666666667;4.818552222222256e-06;0.8605166169891459;[0.738211, 0.739339, 0.740152, 0.74466, 0.741852, 0.738748];0.7614081666666667;0.0001266649118055556;0.8725144707996888;[0.777614, 0.766445, 0.766445, 0.75388, 0.741685, 0.76238]
280;8;60;7;1;0.0;0.0;0.0;[0.0, 0.0, 0.0, 0.0, 0.0, 0.0, 0.0];0.5204771428571429;7.448642755102072e-05;0.7213893930670119;[0.5125, 0.526293, 0.528879, 0.525862, 0.503234, 0.520914, 0.525658]
281;8;60;7;3;0.32024600000000003;2.12691142857141e-06;0.5659009392893525;[0.320112, 0.320543, 0.317741, 0.32119, 0.322748, 0.320305, 0.319083];0.625545857142857;0.00012840183640816313;0.7908333928878123;[0.615948, 0.622414, 0.634052, 0.642672, 0.625701, 0.632169, 0.605865]
282;8;60;7;5;0.41379785714285716;7.313266122448998e-06;0.6432655313917688;[0.415032, 0.411655, 0.408637, 0.415176, 0.412919, 0.416942, 0.416224];0.6551704285714285;0.00016212838824489767;0.8093258306659831;[0.668966, 0.635345, 0.649569, 0.665517, 0.6395, 0.660198, 0.667098]
283;8;60;7;20;0.6078811428571428;4.727262979591858e-06;0.7796642967291519;[0.606812, 0.60868, 0.608608, 0.605231, 0.612301, 0.607702, 0.605834];0.7092437142857143;6.473143848979592e-05;0.8421276523468544;[0.720259, 0.707328, 0.712069, 0.709052, 0.699008, 0.698146, 0.718844]
284;8;60;7;50;0.6753197142857142;1.975479632653036e-06;0.8217771831865871;[0.674427, 0.673924, 0.674858, 0.67378, 0.675528, 0.677109, 0.677612];0.7288288571428572;1.2908668122448978e-05;0.853707179584859;[0.728879, 0.725, 0.735776, 0.732328, 0.726606, 0.726175, 0.727038]
285;8;60;7;100;0.7152081428571428;4.7499118367346946e-06;0.845696986482337;[0.717037, 0.717899, 0.712079, 0.717109, 0.716051, 0.713105, 0.713177];0.7504457142857142;3.104429734693884e-05;0.8662647805309687;[0.757759, 0.751724, 0.75819, 0.75, 0.743424, 0.743424, 0.748599]
286;8;60;7;200;0.739802;2.1485462857142194e-06;0.8601161848574379;[0.738952, 0.74118, 0.738521, 0.742617, 0.740049, 0.738899, 0.738396];0.7594985714285716;0.00010557208538775516;0.8714315804141963;[0.777155, 0.759052, 0.769828, 0.753017, 0.749892, 0.746011, 0.761535]
287;8;60;8;1;0.0;0.0;0.0;[0.0, 0.0, 0.0, 0.0, 0.0, 0.0, 0.0, 0.0];0.518814625;0.00011949522273437513;0.720204922072368;[0.510345, 0.507882, 0.541872, 0.527586, 0.512315, 0.509611, 0.523903, 0.517003]
288;8;60;8;3;0.31831162500000004;5.068805484374981e-06;0.564186632413881;[0.318223, 0.321672, 0.313296, 0.318435, 0.31942, 0.319749, 0.317427, 0.318271];0.618832875;0.00010908409460937486;0.7865899763570539;[0.610837, 0.61133, 0.635961, 0.628571, 0.617241, 0.623953, 0.621981, 0.600789]
289;8;60;8;5;0.412901625;3.2232642343749846e-06;0.6425717094113043;[0.412895, 0.414303, 0.408742, 0.414162, 0.412332, 0.413288, 0.412514, 0.414977];0.65430875;9.119064193750001e-05;0.8088371649213842;[0.662562, 0.639409, 0.651232, 0.663547, 0.647291, 0.643667, 0.660424, 0.666338]
290;8;60;8;20;0.607580375;4.808108984375073e-06;0.7794713380817896;[0.605054, 0.608573, 0.607306, 0.604139, 0.607869, 0.611909, 0.608178, 0.607615];0.708566;4.2662695749999706e-05;0.8417382831404605;[0.718227, 0.703941, 0.710345, 0.710837, 0.712808, 0.695416, 0.704781, 0.712173]
291;8;60;8;50;0.674790375;1.7560229843749783e-06;0.8214551837909453;[0.675019, 0.674245, 0.675442, 0.673471, 0.675301, 0.672227, 0.67652, 0.676098];0.726427;5.215674924999975e-05;0.8522762716694335;[0.72069, 0.724138, 0.74335, 0.72069, 0.728571, 0.720552, 0.729916, 0.723509]
292;8;60;8;100;0.7141447500000001;5.00641568750005e-06;0.8450678928845378;[0.716055, 0.711199, 0.711621, 0.712677, 0.716407, 0.717342, 0.715301, 0.712556];0.746750375;2.8453639234375126e-05;0.864130731637734;[0.748276, 0.750739, 0.751724, 0.747291, 0.748768, 0.733366, 0.74618, 0.747659]
293;8;60;8;200;0.7405395;2.1236217499999934e-06;0.8605448136955158;[0.740691, 0.741958, 0.739635, 0.740339, 0.742732, 0.741765, 0.73895, 0.738246];0.76029925;7.991016693749966e-05;0.8719055796547367;[0.774384, 0.763054, 0.771921, 0.753202, 0.759113, 0.745688, 0.754559, 0.760473]
